,name
0,TFC3
1,VPS8
2,EFB1
3,YAL004W
4,SSA1
5,ERP2
6,FUN14
7,SPO7
8,MDM10
9,SWC3
10,CYS3
11,DEP1
12,SYN8
13,NTG1
14,TPD3
15,PSK1
16,LDS1
17,FUN30
18,ATS1
19,CCR4
20,FUN26
21,PMT2
22,LTE1
23,MAK16
24,DRS2
25,SAW1
26,FRT2
27,MYO4
28,SNC1
29,GIP4
30,PRP45
31,POP5
32,FUN19
33,FUN12
34,RBG1
35,YAL037W
36,CDC19
37,CYC3
38,CLN3
39,CDC24
40,ERV46
41,PTA1
42,GCV3
43,YAL045C
44,BOL3
45,SPC72
46,GEM1
47,AIM2
48,OAF1
49,FLC2
50,ACS1
51,PEX22
52,GPB2
53,CNE1
54,ECM1
55,BDH1
56,BDH2
57,GDH3
58,FLO9
59,YAL064W
60,YAL065C
61,YAL066W
62,SEO1
63,PAU8
64,YAL069W
65,NUP60
66,SWD1
67,RFA1
68,SEN34
69,YAR009C
70,YAR010C
71,BUD14
72,ADE1
73,KIN3
74,CDC15
75,PAU7
76,YAR023C
77,UIP3
78,YAR028W
79,YAR029W
80,YAR030C
81,PRM9
82,MST28
83,YAT1
84,SWH1
85,[]
86,YAR047C
87,FLO1
88,YAR053W
89,YAR060C
90,YAR061W
91,YAR062W
92,YAR064W
93,YAR066W
94,YAR068W
95,YAR069C
96,YAR070C
97,PHO11
98,IMD1
99,YAR075W
100,ECM15
101,HTB2
102,HTA2
103,UTP20
104,PDR3
105,LDB7
106,SLA1
107,HIR1
108,ALK2
109,LAA2
110,SCT1
111,YBL012C
112,FMT1
113,RRN6
114,ACH1
115,FUS3
116,PEP1
117,POP8
118,APN2
119,RFT1
120,HAP3
121,PIM1
122,MCM2
123,NCL1
124,RRN10
125,LSM2
126,RPL19B
127,YBL028C
128,YBL029W
129,PET9
130,SHE1
131,HEK2
132,RIB1
133,STU1
134,POL12
135,YBL036C
136,APL3
137,MRPL16
138,URA7
139,ERD2
140,PRE7
141,FUI1
142,ECM13
143,YBL044W
144,COR1
145,PSY4
146,EDE1
147,RRT1
148,MOH1
149,SEC17
150,PIN4
151,SAS3
152,YBL053W
153,TOD6
154,YBL055C
155,PTC3
156,PTH2
157,SHP1
158,IAI11
159,YEL1
160,SKT5
161,YBL062W
162,KIP1
163,PRX1
164,YBL065W
165,SEF1
166,UBP13
167,PRS4
168,AST1
169,YBL070C
170,YBL071C
171,RPS8A
172,YBL073W
173,AAR2
174,SSA3
175,ILS1
176,YBL077W
177,ATG8
178,NUP170
179,PET112
180,YBL081W
181,ALG3
182,YBL083C
183,CDC27
184,BOI1
185,YBL086C
186,RPL23A
187,TEL1
188,AVT5
189,MRP21
190,MAP2
191,RPL32
192,ROX3
193,YBL094C
194,MRX3
195,YBL096C
196,BRN1
197,BNA4
198,ATP1
199,YBL100C
200,ECM21
201,SFT2
202,RTG3
203,SEA4
204,PKC1
205,SRO77
206,MIX23
207,YBL108W
208,YBL109W
209,YBL111C
210,YBL112C
211,YBL113C
212,NTH2
213,RER2
214,COQ1
215,GPI18
216,RCR1
217,UGA2
218,DSF2
219,FLR1
220,HHF1
221,HHT1
222,IPP1
223,YBR012C
224,YBR013C
225,GRX7
226,MNN2
227,YBR016W
228,KAP104
229,GAL7
230,GAL10
231,GAL1
232,FUR4
233,POA1
234,CHS3
235,SCO2
236,OLA1
237,ETR1
238,YBR027C
239,YPK3
240,CDS1
241,RKM3
242,RPL4A
243,YBR032W
244,EDS1
245,HMT1
246,PDX3
247,CSG2
248,SCO1
249,CHS2
250,ATP3
251,FIG1
252,FAT1
253,CST26
254,QDR3
255,TCM62
256,GIP1
257,ZTA1
258,FMP23
259,RPS11B
260,REB1
261,REG2
262,YBR051W
263,RFS1
264,YBR053C
265,YRO2
266,PRP6
267,YBR056W
268,MUM2
269,UBP14
270,AKL1
271,ORC2
272,TRM7
273,YBR062C
274,YBR063C
275,YBR064W
276,ECM2
277,NRG2
278,TIP1
279,BAP2
280,TAT1
281,ALG14
282,YBR071W
283,HSP26
284,RDH54
285,PFF1
286,[]
287,ECM8
288,SLM4
289,ECM33
290,RPG1
291,SEC18
292,SPT7
293,UBC4
294,TEC1
295,MIS1
296,AAC3
297,IST2
298,RFC5
299,POL30
300,YBR089W
301,YBR090C
302,TIM12
303,PHO3
304,PHO5
305,PBY1
306,RXT2
307,YBR096W
308,VPS15
309,MMS4
310,YBR099C
311,[]
312,FES1
313,EXO84
314,SIF2
315,YMC2
316,VID24
317,SND3
318,IML3
319,AIM3
320,CMD1
321,ALG1
322,YSA1
323,CYC8
324,YBR113W
325,RAD16
326,LYS2
327,YBR116C
328,TKL2
329,TEF2
330,MUD1
331,CBP6
332,GRS1
333,MRPL36
334,TFC1
335,YBR124W
336,PTC4
337,TPS1
338,VMA2
339,ATG14
340,OPY1
341,SHE3
342,CCZ1
343,AGP2
344,HSL7
345,YBR134W
346,CKS1
347,MEC1
348,YBR137W
349,YBR138C
350,ATG42
351,IRA1
352,BMT2
353,MAK5
354,SUP45
355,YBR144C
356,ADH5
357,MRPS9
358,RTC2
359,YSW1
360,ARA1
361,TBS1
362,APD1
363,SPP381
364,RIB7
365,RPB5
366,CNS1
367,SLI15
368,ICS2
369,AMN1
370,IFA38
371,CDC28
372,CSH1
373,TOS1
374,EXO5
375,ARL1
376,UBS1
377,TYR1
378,POP7
379,PEX32
380,SSE2
381,NPL4
382,SEC66
383,SMY2
384,UMP1
385,YBR174C
386,SWD3
387,ECM31
388,EHT1
389,YBR178W
390,FZO1
391,DTR1
392,RPS6B
393,SMP1
394,YPC1
395,YBR184W
396,MBA1
397,PCH2
398,GDT1
399,NTC20
400,RPS9B
401,YBR190W
402,RPL21A
403,RIM2
404,MED8
405,AIM4
406,MSI1
407,PGI1
408,YBR197C
409,TAF5
410,KTR4
411,BEM1
412,DER1
413,MCM7
414,COS111
415,LDH1
416,KTR3
417,YBR206W
418,FTH1
419,"DUR1,2"
420,YBR209W
421,ERV15
422,AME1
423,NGR1
424,MET8
425,SDS24
426,HPC2
427,YBP1
428,ATG12
429,PYC2
430,YBR219C
431,YBR220C
432,PDB1
433,PCS60
434,TDP1
435,YBR224W
436,YBR225W
437,YBR226C
438,MCX1
439,SLX1
440,ROT2
441,OM14
442,SWC5
443,YBR232C
444,PBP2
445,ARC40
446,VHC1
447,ABD1
448,PRP5
449,YBR238C
450,ERT1
451,THI2
452,YBR241C
453,YBR242W
454,ALG7
455,GPX2
456,ISW1
457,RRT2
458,ENP1
459,HIS7
460,ARO4
461,SPO23
462,MRPS5
463,DUT1
464,SRB6
465,TRS20
466,MTC4
467,RIB5
468,POP4
469,SHG1
470,YBR259W
471,RGD1
472,TAE1
473,MIC12
474,SHM1
475,YPT10
476,TSC10
477,SLM6
478,REI1
479,MRPL37
480,SDH8
481,BIT2
482,EFM2
483,HSM3
484,UBX7
485,CHK1
486,RIF1
487,PPS1
488,YBR277C
489,DPB3
490,PAF1
491,SAF1
492,DUG2
493,MRPL27
494,SSH1
495,YBR284W
496,YBR285W
497,APE3
498,YBR287W
499,APM3
500,SNF5
501,BSD2
502,CTP1
503,YBR292C
504,VBA2
505,SUL1
506,PCA1
507,PHO89
508,MAL33
509,MAL31
510,MAL32
511,YBR300C
512,PAU24
513,COS2
514,RER1
515,YCL002C
516,PGS1
517,LDB16
518,YCL007C
519,STP22
520,ILV6
521,SGF29
522,GBP2
523,BUD3
524,DCC1
525,NFS1
526,LEU2
527,YCL019W
528,YCL020W
529,YCL022C
530,YCL023C
531,KCC4
532,AGP1
533,FUS1
534,RNQ1
535,BIK1
536,HIS4
537,RRP7
538,STE50
539,MXR2
540,LSB5
541,GRX1
542,GFD2
543,SRO9
544,ATG22
545,GID7
546,GLK1
547,YCL041C
548,YCL042W
549,PDI1
550,MGR1
551,EMC1
552,YCL046W
553,POF1
554,SPS22
555,YCL049C
556,APA1
557,LRE1
558,PBN1
559,SPB1
560,KAR4
561,PEX34
562,PRD1
563,FYV5
564,KRR1
565,MRC1
566,VAC17
567,CHA1
568,YCL065W
569,HMLALPHA1
570,HMLALPHA2
571,YCL068C
572,VBA3
573,[]
574,YCL074W
575,YCL075W
576,YCL076W
577,YCR001W
578,CDC10
579,MRPL32
580,YCP4
581,CIT2
582,YCR006C
583,YCR007C
584,SAT4
585,RVS161
586,ADY2
587,ADP1
588,PGK1
589,YCR013C
590,POL4
591,CTO1
592,YCR016W
593,CWH43
594,SRD1
595,MAK32
596,PET18
597,HSP30
598,YCR022C
599,YCR023C
600,SLM5
601,YCR025C
602,NPP1
603,RHB1
604,FEN2
605,SYP1
606,RPS14A
607,BPH1
608,SNT1
609,ELO2
610,RRP43
611,RBK1
612,PHO87
613,BUD5
614,MATALPHA2
615,MATALPHA1
616,YCR041W
617,TAF2
618,YCR043C
619,PER1
620,RRT12
621,IMG1
622,BUD23
623,ARE1
624,YCR049C
625,YCR050C
626,YCR051W
627,RSC6
628,THR4
629,CTR86
630,PWP2
631,YIH1
632,TAH1
633,YCR061W
634,BUD31
635,YCR064C
636,HCM1
637,RAD18
638,SED4
639,ATG15
640,CPR4
641,IMG2
642,RSA4
643,SSK22
644,ERS1
645,FUB1
646,PAT1
647,PTC6
648,SRB8
649,AHC2
650,TRX3
651,TUP1
652,YCR085W
653,CSM1
654,YCR087W
655,ABP1
656,FIG2
657,YCR090C
658,KIN82
659,MSH3
660,CDC39
661,CDC50
662,OCA4
663,HMRA2
664,[]
665,GIT1
666,YCR099C
667,EMA35
668,YCR101C
669,YCR102C
670,PAU3
671,ADH7
672,RDS1
673,AAD3
674,RMD1
675,NHP10
676,MCD1
677,ATP16
678,MED2
679,PTC1
680,RPT2
681,APC11
682,YDL009C
683,GRX6
684,YDL011C
685,YDL012C
686,SLX5
687,NOP1
688,TSC13
689,YDL016C
690,CDC7
691,ERP3
692,OSH2
693,RPN4
694,GPM2
695,GPD1
696,YDL023C
697,DIA3
698,RTK1
699,YDL026W
700,MRX9
701,MPS1
702,ARP2
703,PRP9
704,DBP10
705,YDL032W
706,SLM3
707,YDL034W
708,GPR1
709,PUS9
710,BSC1
711,[]
712,PRM7
713,NAT1
714,YDL041W
715,SIR2
716,PRP11
717,MTF2
718,FAD1
719,NPC2
720,SIT4
721,STP4
722,KNH1
723,YDL050C
724,LHP1
725,SLC1
726,PBP4
727,MCH1
728,PSA1
729,MBP1
730,YDL057W
731,USO1
732,RAD59
733,TSR1
734,RPS29B
735,YDL062W
736,SYO1
737,UBC9
738,PEX19
739,IDP1
740,COX9
741,YDL068W
742,CBS1
743,BDF2
744,YDL071C
745,YET3
746,AHK1
747,BRE1
748,RPL31A
749,RXT3
750,VAM6
751,MDH3
752,MRK1
753,THI3
754,RPP1A
755,RPL13A
756,RPS16B
757,SUB2
758,NDE2
759,YDL086W
760,LUC7
761,ASM4
762,NUR1
763,RAM1
764,UBX3
765,SRP14
766,PMT5
767,YDL094C
768,PMT1
769,OPI6
770,RPN6
771,SNU23
772,BUG1
773,GET3
774,DUN1
775,POL3
776,QRI1
777,QRI7
778,NSE4
779,PHO2
780,MSS2
781,KIN28
782,YDL109C
783,TMA17
784,RRP42
785,TRM3
786,ATG20
787,YDL114W
788,IWR1
789,NUP84
790,CYK3
791,YDL118W
792,HEM25
793,YFH1
794,EXP1
795,UBP1
796,SNA4
797,YDL124W
798,HNT1
799,CDC48
800,PCL2
801,VCX1
802,YDL129W
803,RPP1B
804,LYS21
805,CDC53
806,SRF1
807,PPH21
808,RDI1
809,RPL35B
810,ARF2
811,RGT2
812,SCM3
813,RPO21
814,BPL1
815,CRD1
816,CCT4
817,YDL144C
818,COP1
819,LDB17
820,RPN5
821,NOP14
822,ATG9
823,RPC53
824,BUD30
825,YDL152W
826,SAS10
827,MSH5
828,CLB3
829,CMR1
830,YDL157C
831,YDL158C
832,STE7
833,DHH1
834,ENT1
835,YDL162C
836,YDL163W
837,CDC9
838,CDC36
839,FAP7
840,NRP1
841,SFA1
842,UGX2
843,UGA3
844,GLT1
845,YDL172C
846,PAR32
847,DLD1
848,AIR2
849,YDL176W
850,YDL177C
851,DLD2
852,PCL9
853,YDL180W
854,INH1
855,LYS20
856,YDL183C
857,RPL41A
858,VMA1
859,YDL186W
860,YDL187C
861,PPH22
862,RBS1
863,UFD2
864,RPL35A
865,ARF1
866,NUS1
867,SNF3
868,SEC31
869,YDL196W
870,ASF2
871,GGC1
872,YDL199C
873,MGT1
874,TRM8
875,MRPL11
876,ACK1
877,RTN2
878,HEM3
879,YDL206W
880,GLE1
881,NHP2
882,CWC2
883,UGA4
884,YDL211C
885,SHR3
886,NOP6
887,PRR2
888,GDH2
889,RRI1
890,TIM22
891,YDL218W
892,DTD1
893,CDC13
894,YDL221W
895,FMP45
896,HBT1
897,WHI4
898,SHS1
899,GCS1
900,HO
901,YDL228C
902,SSB1
903,PTP1
904,BRE4
905,OST4
906,MFG1
907,GYP7
908,YPD1
909,PHO13
910,AIM6
911,GUD1
912,ADY3
913,LRG1
914,YDL241W
915,YDL242W
916,AAD4
917,THI13
918,HXT15
919,SOR2
920,MPH2
921,COS7
922,NTH1
923,YRB1
924,RCR2
925,RAD57
926,MAF1
927,SOK1
928,TRP1
929,YDR008C
930,GAL3
931,YDR010C
932,SNQ2
933,RPL4B
934,PSF1
935,RAD61
936,YDR015C
937,DAD1
938,KCS1
939,YDR018C
940,GCV1
941,DAS2
942,FAL1
943,ATG31
944,SES1
945,FYV1
946,RPS11A
947,NSI1
948,VPS54
949,REG1
950,YDR029W
951,RAD28
952,MIX14
953,PST2
954,MRH1
955,LYS14
956,ARO3
957,EHD3
958,KRS1
959,ENA5
960,ENA2
961,ENA1
962,RSM10
963,YDR042C
964,NRG1
965,HEM13
966,RPC11
967,BAP3
968,HEM12
969,YDR048C
970,VMS1
971,TPI1
972,DET1
973,DBF4
974,YDR053W
975,CDC34
976,PST1
977,EMC10
978,YOS9
979,TGL2
980,UBC5
981,MAK21
982,YDR061W
983,LCB2
984,AIM7
985,RPS13
986,RRG1
987,RTR2
988,OCA6
989,DOS2
990,DOA4
991,FMP16
992,PAA1
993,IPT1
994,SNF11
995,TPS2
996,PPH3
997,RAD55
998,SED1
999,SHU2
1000,PET100
1001,VPS41
1002,PDC2
1003,STN1
1004,RRP8
1005,TVP23
1006,AFR1
1007,SSS1
1008,RRP1
1009,SLU7
1010,VTC5
1011,ILT1
1012,RLI1
1013,UBC13
1014,DNF2
1015,YDR094W
1016,YDR095C
1017,GIS1
1018,MSH6
1019,GRX3
1020,BMH2
1021,TVP15
1022,ARX1
1023,YDR102C
1024,STE5
1025,SPO71
1026,TMS1
1027,ARP10
1028,TMN2
1029,TRS85
1030,YDR109C
1031,FOB1
1032,ALT2
1033,IRC2
1034,PDS1
1035,YDR114C
1036,MRX14
1037,MRPL1
1038,TMA64
1039,APC4
1040,VBA4
1041,TRM1
1042,DPB4
1043,KIN1
1044,INO2
1045,YDR124W
1046,ECM18
1047,SWF1
1048,ARO1
1049,MTC5
1050,SAC6
1051,FIN1
1052,YDR131C
1053,MRX16
1054,YDR133C
1055,CCW22
1056,YCF1
1057,VPS61
1058,RGP1
1059,HPR1
1060,RUB1
1061,MTQ2
1062,DOP1
1063,PEX7
1064,SAN1
1065,MKC7
1066,TAF12
1067,SWI5
1068,EKI1
1069,KGD2
1070,YDR149C
1071,NUM1
1072,CTH1
1073,GIR2
1074,ENT5
1075,YDR154C
1076,CPR1
1077,RPA14
1078,YDR157W
1079,HOM2
1080,SAC3
1081,SSY1
1082,ACL4
1083,NBP2
1084,CWC15
1085,SEC1
1086,TRM82
1087,SEC5
1088,TAF10
1089,CDC37
1090,STB3
1091,SEC7
1092,HSP42
1093,SUP35
1094,ARG82
1095,HMO1
1096,RSM24
1097,NGG1
1098,UBC1
1099,SDH4
1100,CSN9
1101,SCC2
1102,SAS4
1103,CDC1
1104,PLP1
1105,ATC1
1106,UPS3
1107,SND1
1108,YDR187C
1109,CCT6
1110,SLY1
1111,RVB1
1112,HST4
1113,NUP42
1114,YDR193W
1115,MSS116
1116,REF2
1117,CAB5
1118,CBS2
1119,RKM2
1120,YDR199W
1121,VPS64
1122,SPC19
1123,RAV2
1124,YDR203W
1125,COQ4
1126,MSC2
1127,EBS1
1128,UME6
1129,MSS4
1130,YDR209C
1131,YDR210W
1132,GCD6
1133,TCP1
1134,UPC2
1135,AHA1
1136,YDR215C
1137,ADR1
1138,RAD9
1139,SPR28
1140,MFB1
1141,YDR220C
1142,GTB1
1143,YDR222W
1144,CRF1
1145,HTB1
1146,HTA1
1147,ADK1
1148,SIR4
1149,PCF11
1150,IVY1
1151,YDR230W
1152,COX20
1153,HEM1
1154,RTN1
1155,LYS4
1156,PRP42
1157,FMN1
1158,MRPL7
1159,[]
1160,YDR239C
1161,SNU56
1162,BUD26
1163,[]
1164,[]
1165,[]
1166,[]
1167,TRS23
1168,VHS1
1169,YDR248C
1170,YDR249C
1171,YDR250C
1172,PAM1
1173,BTT1
1174,MET32
1175,CHL4
1176,RMD5
1177,CTA1
1178,RKM4
1179,HSP78
1180,YAP6
1181,SWM1
1182,EXG2
1183,YDR262W
1184,DIN7
1185,AKR1
1186,PEX10
1187,HEL2
1188,CIA1
1189,MSW1
1190,YDR269C
1191,CCC2
1192,YDR271C
1193,GLO2
1194,DON1
1195,YDR274C
1196,BSC2
1197,PMP3
1198,MTH1
1199,YDR278C
1200,RNH202
1201,RRP45
1202,PHM6
1203,MRX10
1204,GCN2
1205,DPP1
1206,ZIP1
1207,MGP12
1208,INM2
1209,NSE3
1210,RTT103
1211,YDR290W
1212,HRQ1
1213,SRP101
1214,SSD1
1215,DPL1
1216,HDA2
1217,MHR1
1218,SUR2
1219,ATP5
1220,BFR2
1221,PRO1
1222,CFT1
1223,GPI11
1224,RSC3
1225,CPR5
1226,HNT2
1227,PFU1
1228,PMT7
1229,SRB7
1230,GIC2
1231,SUM1
1232,TFB1
1233,SSF2
1234,PIB1
1235,RAD34
1236,IPK1
1237,OMS1
1238,HIM1
1239,MCM21
1240,YFT2
1241,SWA2
1242,ASP1
1243,MRPL35
1244,PEP7
1245,UTP4
1246,YCG1
1247,YSP2
1248,YDR327W
1249,SKP1
1250,PEX3
1251,UBX5
1252,GPI8
1253,IRC3
1254,RQC1
1255,SWR1
1256,MSN5
1257,MRX8
1258,MRPS28
1259,YDR338C
1260,FCF1
1261,YDR340W
1262,YDR341C
1263,HXT7
1264,HXT6
1265,YDR344C
1266,HXT3
1267,SVF1
1268,MRP1
1269,PAL1
1270,YPS7
1271,ATP22
1272,SBE2
1273,YPQ2
1274,TRR1
1275,TRP4
1276,YDR355C
1277,SPC110
1278,CNL1
1279,GGA1
1280,EAF1
1281,OPI7
1282,BCP1
1283,TFC6
1284,ESC2
1285,CDC40
1286,ESF1
1287,YDR366C
1288,KEI1
1289,YPR1
1290,XRS2
1291,DXO1
1292,CTS2
1293,VPS74
1294,FRQ1
1295,PHO92
1296,BCS1
1297,ARH1
1298,ATP17
1299,LSM6
1300,RGA2
1301,ARO10
1302,YRA1
1303,RPP2B
1304,NKP1
1305,ATO3
1306,EFT2
1307,MUS81
1308,CIN10
1309,RVS167
1310,SAC7
1311,UBA2
1312,YDR391C
1313,SPT3
1314,SHE9
1315,RPT3
1316,SXM1
1317,YDR396W
1318,NCB2
1319,UTP5
1320,HPT1
1321,URH1
1322,YDR401W
1323,DIT2
1324,DIT1
1325,RPB7
1326,MRP20
1327,PDR15
1328,TRS120
1329,ADE8
1330,SIZ1
1331,STE14
1332,DFM1
1333,RRP17
1334,YDR413C
1335,ERD1
1336,YDR415C
1337,SYF1
1338,YDR417C
1339,RPL12B
1340,RAD30
1341,HKR1
1342,ARO80
1343,SIP1
1344,CAD1
1345,DYN2
1346,SNX41
1347,YDR426C
1348,RPN9
1349,BNA7
1350,TIF35
1351,CYM1
1352,YDR431W
1353,NPL3
1354,YDR433W
1355,GPI17
1356,PPM1
1357,PPZ2
1358,GPI19
1359,THI74
1360,LRS4
1361,DOT1
1362,APT2
1363,YDR442W
1364,SSN2
1365,YDR444W
1366,YDR445C
1367,ECM11
1368,RPS17B
1369,ADA2
1370,UTP6
1371,RPS18A
1372,YHP1
1373,PPN1
1374,TSA2
1375,GUK1
1376,YDR455C
1377,NHX1
1378,TOM1
1379,HEH2
1380,PFA5
1381,TFB3
1382,MFA1
1383,MRPL28
1384,STP1
1385,SPP41
1386,RMT2
1387,PKH3
1388,YDR467C
1389,TLG1
1390,SDC1
1391,UGO1
1392,RPL27B
1393,TRS31
1394,PRP3
1395,[]
1396,JIP4
1397,YDR476C
1398,SNF1
1399,SNM1
1400,PEX29
1401,DIG2
1402,PHO8
1403,CWC21
1404,KRE2
1405,VPS52
1406,VPS72
1407,VPS60
1408,RIB3
1409,PAC11
1410,SLD5
1411,PKH1
1412,YDR491C
1413,IZH1
1414,MZM1
1415,RSM28
1416,VPS3
1417,PUF6
1418,ITR1
1419,SEC20
1420,LCD1
1421,RPL37B
1422,PLM2
1423,SAM2
1424,LPP1
1425,SPG3
1426,PSP1
1427,GMC1
1428,GIN4
1429,GNP1
1430,YDR509W
1431,SMT3
1432,SDH7
1433,EMI1
1434,GRX2
1435,YDR514C
1436,SLF1
1437,EMI2
1438,GRH1
1439,EUG1
1440,FPR2
1441,URC2
1442,YDR521W
1443,SPS2
1444,SPS1
1445,AGE1
1446,API2
1447,YDR526C
1448,RBA50
1449,HLR1
1450,QCR7
1451,APA2
1452,CAB1
1453,KRE28
1454,HSP31
1455,FIT1
1456,YDR535C
1457,STL1
1458,YDR537C
1459,PAD1
1460,FDC1
1461,IRC4
1462,YDR541C
1463,PAU10
1464,YDR543C
1465,YDR544C
1466,YRF1-1
1467,IRC22
1468,WBP1
1469,GIM4
1470,YEA4
1471,VAB2
1472,YEA6
1473,MIT1
1474,YEL008W
1475,GCN4
1476,YEL010W
1477,GLC3
1478,UBC8
1479,VAC8
1480,YEL014C
1481,EDC3
1482,NPP2
1483,GTT3
1484,EAF5
1485,MMS21
1486,PXP1
1487,URA3
1488,GEA2
1489,YEL023C
1490,RIP1
1491,YEL025C
1492,SNU13
1493,VMA3
1494,YEL028W
1495,BUD16
1496,ECM10
1497,SPF1
1498,MCM3
1499,MTC7
1500,HYP2
1501,UTR5
1502,ANP1
1503,RAD23
1504,UTR4
1505,CYC7
1506,UTR2
1507,YEF1
1508,GDA1
1509,YEL043W
1510,IES6
1511,YEL045C
1512,GLY1
1513,FRD1
1514,TCA17
1515,PAU2
1516,RML2
1517,VMA8
1518,AFG1
1519,MAK10
1520,RPL12A
1521,POL5
1522,HAT2
1523,SDD1
1524,PCM1
1525,HHY1
1526,PRB1
1527,CIN8
1528,NPR2
1529,CAN1
1530,AVT2
1531,SIT1
1532,HPA3
1533,YEL067C
1534,YEL068C
1535,HXT13
1536,DSF1
1537,DLD3
1538,RMD6
1539,YEL073C
1540,YEL074W
1541,YEL075C
1542,YEL076C
1543,YEL077C
1544,MNN1
1545,NOP16
1546,PMI40
1547,FMP52
1548,YND1
1549,NUG1
1550,PAC2
1551,SEC3
1552,NTF2
1553,YER010C
1554,TIR1
1555,PRE1
1556,PRP22
1557,HEM14
1558,FAA2
1559,BIM1
1560,AFG3
1561,SPC25
1562,ISC1
1563,GPA2
1564,RPN3
1565,SRB4
1566,PRO3
1567,YAT2
1568,GCD11
1569,CHO1
1570,GAL83
1571,MIG3
1572,SMB1
1573,CHZ1
1574,YPT31
1575,FIR1
1576,ZRG8
1577,YER034W
1578,EDC2
1579,ARB1
1580,PHM8
1581,KRE29
1582,HVG1
1583,GLN3
1584,YEN1
1585,MXR1
1586,SAH1
1587,ERG28
1588,ACA1
1589,SPO73
1590,SAP1
1591,CAJ1
1592,TPA1
1593,RSM18
1594,JHD1
1595,HOM3
1596,PIC2
1597,GIP2
1598,HIS1
1599,FCY2
1600,HMF1
1601,PET117
1602,PCL6
1603,FCY21
1604,CEM1
1605,GPP2
1606,THO1
1607,VHR2
1608,ICL1
1609,RRT13
1610,RGI1
1611,MOT2
1612,ARG56
1613,RNR1
1614,TDA2
1615,VTC1
1616,ALD5
1617,RPS24A
1618,PTP3
1619,YER076C
1620,MRX1
1621,ICP55
1622,YER079W
1623,AIM9
1624,SER3
1625,UTP7
1626,GET2
1627,YER084W
1628,YER085C
1629,ILV1
1630,AIM10
1631,DOT6
1632,PTC2
1633,TRP2
1634,MET6
1635,IES5
1636,TSC11
1637,PUP3
1638,RAD51
1639,SHC1
1640,YER097W
1641,UBP9
1642,PRS2
1643,UBC6
1644,AST2
1645,RPS8B
1646,SSA4
1647,RTT105
1648,NUP157
1649,MAM1
1650,GLE2
1651,FLO8
1652,KAP123
1653,SWI4
1654,LSM4
1655,TMN3
1656,BOI2
1657,SPR6
1658,SLX8
1659,RPL23B
1660,SHO1
1661,AVT6
1662,SCS2
1663,YER121W
1664,GLO3
1665,YCK3
1666,DSE1
1667,RSP5
1668,NSA2
1669,LCP5
1670,VFA1
1671,SAK1
1672,COM2
1673,RPS26B
1674,PMD1
1675,GLC7
1676,YER134C
1677,YER135C
1678,GDI1
1679,YER137C
1680,YER138C
1681,RTR1
1682,EMP65
1683,COX15
1684,MAG1
1685,DDI1
1686,UBP5
1687,FTR1
1688,LSM5
1689,SCC4
1690,SPT15
1691,PEA2
1692,SPI1
1693,UBP3
1694,YER152C
1695,PET122
1696,OXA1
1697,BEM2
1698,YER156C
1699,COG3
1700,YER158C
1701,BUR6
1702,YER160C
1703,SPT2
1704,RAD4
1705,GCG1
1706,CHD1
1707,PAB1
1708,DNF1
1709,BCK2
1710,CCA1
1711,RPH1
1712,ADK2
1713,RAD3
1714,BRR2
1715,RAD24
1716,GRX4
1717,TMT1
1718,ECM32
1719,BMH1
1720,PDA1
1721,DMC1
1722,ISC10
1723,YER181C
1724,FMP10
1725,FAU1
1726,TOG1
1727,PUG1
1728,YER186C
1729,YER187W
1730,YER188W
1731,YER189W
1732,YRF1-2
1733,DEG1
1734,SPB4
1735,MSH4
1736,VTC2
1737,SEC4
1738,[]
1739,BLM10
1740,SMC1
1741,CDC4
1742,WWM1
1743,HXT10
1744,YFL012W
1745,IES1
1746,HSP12
1747,YFL015C
1748,MDJ1
1749,GNA1
1750,LPD1
1751,YFL019C
1752,PAU5
1753,GAT1
1754,FRS2
1755,BUD27
1756,EPL1
1757,BST1
1758,STE2
1759,GYP8
1760,CAF16
1761,CAK1
1762,AGX1
1763,HAC1
1764,YFL032W
1765,RIM15
1766,MIL1
1767,RPO41
1768,TUB2
1769,YPT1
1770,ACT1
1771,YFL040W
1772,FET5
1773,LAM5
1774,[]
1775,OTU1
1776,SEC53
1777,FMP32
1778,RGD2
1779,EMP47
1780,SWP82
1781,ALR2
1782,YFL051C
1783,ZNF1
1784,DAK2
1785,AQY3
1786,AGP3
1787,AAD6
1788,AAD16
1789,THI5
1790,SNZ3
1791,SNO3
1792,DDI2
1793,COS4
1794,YFL063W
1795,YFL064C
1796,YFL065C
1797,YFL066C
1798,YFL067W
1799,YFL068W
1800,LOC1
1801,NIC96
1802,YPI1
1803,RPN11
1804,SAD1
1805,YFR006W
1806,YFH7
1807,FAR7
1808,GCN20
1809,UBP6
1810,MIC19
1811,DCV1
1812,IOC3
1813,CMK1
1814,GSY1
1815,AIP5
1816,IGD1
1817,YFR018C
1818,FAB1
1819,CSS2
1820,ATG18
1821,ROG3
1822,PES4
1823,[]
1824,HIS2
1825,ULI1
1826,ECO1
1827,CDC14
1828,PTR3
1829,MET10
1830,SMC2
1831,RRT5
1832,QCR6
1833,PHO4
1834,YFR035C
1835,CDC26
1836,RSC8
1837,IRC5
1838,OSW7
1839,SAP155
1840,ERJ5
1841,KEG1
1842,IRC6
1843,DUG1
1844,YFR045W
1845,CNN1
1846,BNA6
1847,RMD8
1848,YMR31
1849,PRE4
1850,RET2
1851,RPN12
1852,HXK1
1853,YFR054C
1854,IRC7
1855,YFR056C
1856,YFR057W
1857,ERG26
1858,ERP6
1859,CDH1
1860,RPN14
1861,COG7
1862,PMC1
1863,BRP1
1864,PMA1
1865,LEU1
1866,MPO1
1867,SCL1
1868,ERG4
1869,PDR1
1870,PUF4
1871,YGL015C
1872,KAP122
1873,ATE1
1874,JAC1
1875,CKB1
1876,GET1
1877,ALK1
1878,STT3
1879,PIB2
1880,YGL024W
1881,PGD1
1882,TRP5
1883,CWH41
1884,SCW11
1885,CGR1
1886,RPL30
1887,RPL24A
1888,AGA2
1889,HOP2
1890,YGL034C
1891,MIG1
1892,YGL036W
1893,PNC1
1894,OCH1
1895,YGL039W
1896,HEM2
1897,YGL041C
1898,YGL042C
1899,DST1
1900,RNA15
1901,RIM8
1902,[]
1903,ALG13
1904,RPT6
1905,TIF4632
1906,TYW3
1907,MST27
1908,YGL052W
1909,PRM8
1910,ERV14
1911,OLE1
1912,SDS23
1913,GEP7
1914,RAD6
1915,PKP2
1916,YBP2
1917,DUO1
1918,PYC1
1919,PUS2
1920,MRH4
1921,ALG2
1922,SGF73
1923,NPY1
1924,MNP1
1925,YGL069C
1926,RPB9
1927,AFT1
1928,YGL072C
1929,HSF1
1930,YGL074C
1931,MPS2
1932,RPL7A
1933,HNM1
1934,DBP3
1935,KXD1
1936,MPC1
1937,YGL081W
1938,YGL082W
1939,SCY1
1940,GUP1
1941,LCL3
1942,MAD1
1943,MMS2
1944,YGL088W
1945,MF(ALPHA)2
1946,LIF1
1947,NBP35
1948,NUP145
1949,SPC105
1950,PAN2
1951,VPS45
1952,TOS8
1953,SRM1
1954,USE1
1955,LSG1
1956,SEH1
1957,YGK1
1958,YGL102C
1959,RPL28
1960,VPS73
1961,ARC1
1962,MLC1
1963,RMD9
1964,YGL108C
1965,YGL109W
1966,CUE3
1967,NSA1
1968,TAF6
1969,SLD3
1970,YGL114W
1971,SNF4
1972,CDC20
1973,YGL117W
1974,YGL118C
1975,COQ8
1976,PRP43
1977,GPG1
1978,NAB2
1979,RPS2
1980,MON1
1981,MET13
1982,SCS3
1983,SOH1
1984,CWC23
1985,RSM23
1986,CEG1
1987,SNT2
1988,YGL132W
1989,ITC1
1990,PCL10
1991,RPL1B
1992,MRM2
1993,SEC27
1994,YGL138C
1995,FLC3
1996,YGL140C
1997,HUL5
1998,GPI10
1999,MRF1
2000,ROG1
2001,TIP20
2002,RRT6
2003,RPL9A
2004,ARO2
2005,YGL149W
2006,INO80
2007,NUT1
2008,YGL152C
2009,PEX14
2010,LYS5
2011,CDC43
2012,AMS1
2013,ARI1
2014,RCK1
2015,YGL159W
2016,AIM14
2017,YIP5
2018,SUT1
2019,RAD54
2020,YRB30
2021,YGL165C
2022,CUP2
2023,PMR1
2024,HUR1
2025,SUA5
2026,SPO74
2027,ROK1
2028,NUP49
2029,XRN1
2030,BUD13
2031,SAE2
2032,YGL176C
2033,YGL177W
2034,MPT5
2035,TOS3
2036,ATG1
2037,GTS1
2038,YGL182C
2039,MND1
2040,STR3
2041,YGL185C
2042,TPN1
2043,COX4
2044,YGL188C
2045,RPS26A
2046,CDC55
2047,COX13
2048,IME4
2049,YGL193C
2050,HOS2
2051,GCN1
2052,DSD1
2053,MDS3
2054,YIP4
2055,YGL199C
2056,EMP24
2057,MCM6
2058,ARO8
2059,KEX1
2060,YGL204C
2061,POX1
2062,CHC1
2063,SPT16
2064,SIP2
2065,MIG2
2066,YPT32
2067,NCS6
2068,VAM7
2069,SKI8
2070,YGL214W
2071,CLG1
2072,KIP3
2073,YGL217C
2074,YGL218W
2075,MDM34
2076,BOL2
2077,NIF3
2078,EDC1
2079,COG1
2080,SDT1
2081,VRG4
2082,OST5
2083,MTC3
2084,VID30
2085,SHE10
2086,SAP4
2087,YGL230C
2088,EMC4
2089,TAN1
2090,SEC15
2091,"ADE5,7"
2092,YGL235W
2093,MTO1
2094,HAP2
2095,CSE1
2096,YGL239C
2097,DOC1
2098,KAP114
2099,YGL242C
2100,TAD1
2101,RTF1
2102,GUS1
2103,RAI1
2104,BRR6
2105,PDE1
2106,ZIP2
2107,RMR1
2108,HFM1
2109,RTG2
2110,HXK2
2111,FZF1
2112,ZRT1
2113,ADH4
2114,MNT2
2115,VEL1
2116,YPS5
2117,YGL260W
2118,PAU11
2119,YGL262W
2120,COS12
2121,EFM5
2122,SWC4
2123,CUL3
2124,PEX31
2125,TFG2
2126,PRP18
2127,ECT1
2128,STF2
2129,SEC9
2130,NMA2
2131,YGR011W
2132,MCY1
2133,SNU71
2134,MSB2
2135,EAT1
2136,YGR016W
2137,YGR017W
2138,YGR018C
2139,UGA1
2140,VMA7
2141,DPC29
2142,YGR022C
2143,MTL1
2144,THG1
2145,YGR025W
2146,YGR026W
2147,RPS25A
2148,MSP1
2149,ERV1
2150,POP6
2151,IMO32
2152,GSC2
2153,TIM21
2154,RPL26B
2155,YGR035C
2156,CAX4
2157,ACB1
2158,ORM1
2159,YGR039W
2160,KSS1
2161,BUD9
2162,MTE1
2163,NQM1
2164,RME1
2165,YGR045C
2166,TAM41
2167,TFC4
2168,UFD1
2169,SCM4
2170,YGR050C
2171,YGR051C
2172,FMP48
2173,MCO32
2174,YGR054W
2175,MUP1
2176,RSC1
2177,LST7
2178,PEF1
2179,SPR3
2180,ERG25
2181,ADE6
2182,COX18
2183,SPT4
2184,YGR064W
2185,VHT1
2186,GID10
2187,YGR067C
2188,ART5
2189,YGR069W
2190,ROM1
2191,ENV11
2192,UPF3
2193,YGR073C
2194,SMD1
2195,PRP38
2196,MRPL25
2197,PEX8
2198,PAC10
2199,YGR079W
2200,TWF1
2201,SLX9
2202,TOM20
2203,GCD2
2204,MRP13
2205,RPL11B
2206,PIL1
2207,PDC6
2208,CTT1
2209,NNF2
2210,UTP22
2211,PRP31
2212,DBF2
2213,DRN1
2214,VAS1
2215,RRP46
2216,TPC1
2217,ASK10
2218,ESP1
2219,TEL2
2220,MDR1
2221,PCP1
2222,GTF1
2223,NOP7
2224,SRB5
2225,VMA21
2226,VOA1
2227,YGR107W
2228,CLB1
2229,CLB6
2230,CLD1
2231,YGR111W
2232,SHY1
2233,DAM1
2234,YGR114C
2235,YGR115C
2236,SPT6
2237,YGR117C
2238,RPS23A
2239,NUP57
2240,COG2
2241,MEP1
2242,YGR122W
2243,PPT1
2244,ASN2
2245,YGR125W
2246,YGR126W
2247,YGR127W
2248,UTP8
2249,SYF2
2250,YGR130C
2251,FHN1
2252,PHB1
2253,PEX4
2254,CAF130
2255,PRE9
2256,LSB1
2257,YGR137W
2258,TPO2
2259,YGR139W
2260,CBF2
2261,VPS62
2262,BTN2
2263,SKN1
2264,THI4
2265,ENP2
2266,ECL1
2267,NAT2
2268,RPL24B
2269,GPC1
2270,CCM1
2271,YGR151C
2272,RSR1
2273,YGR153W
2274,GTO1
2275,CYS4
2276,PTI1
2277,CHO2
2278,MTR3
2279,NSR1
2280,YGR160W
2281,RTS3
2282,TIF4631
2283,GTR2
2284,YGR164W
2285,MRPS35
2286,TRS65
2287,CLC1
2288,PEX35
2289,PUS6
2290,PSD2
2291,MSM1
2292,YIP1
2293,RBG2
2294,CBP4
2295,ERG1
2296,YGR176W
2297,ATF2
2298,PBP1
2299,OKP1
2300,RNR4
2301,TIM13
2302,YGR182C
2303,QCR9
2304,UBR1
2305,TYS1
2306,TFG1
2307,HGH1
2308,BUB1
2309,CRH1
2310,YGR190C
2311,HIP1
2312,TDH3
2313,PDX1
2314,XKS1
2315,SKI6
2316,FYV8
2317,SNG1
2318,YPP1
2319,PMT6
2320,ELP2
2321,YGR201C
2322,PCT1
2323,YCH1
2324,ADE3
2325,TDA10
2326,MVB12
2327,CIR1
2328,SER2
2329,TRX2
2330,YGR210C
2331,ZPR1
2332,SLI1
2333,RTA1
2334,RPS0A
2335,RSM27
2336,GPI1
2337,CCH1
2338,CRM1
2339,YGR219W
2340,MRPL9
2341,TOS2
2342,PET54
2343,HSV2
2344,AZR1
2345,AMA1
2346,YGR226C
2347,DIE2
2348,YGR228W
2349,SMI1
2350,BNS1
2351,PHB2
2352,NAS6
2353,PHO81
2354,YHB1
2355,MIC26
2356,SPG1
2357,YGR237C
2358,KEL2
2359,PEX21
2360,PFK1
2361,YAP1802
2362,YGR242W
2363,MPC3
2364,LSC2
2365,SDA1
2366,BRF1
2367,CPD1
2368,SOL4
2369,MGA1
2370,RIE1
2371,NOP19
2372,GCN5
2373,PUP2
2374,ENO1
2375,COQ6
2376,GND2
2377,MTM1
2378,RAD2
2379,YGR259C
2380,TNA1
2381,APL6
2382,BUD32
2383,SAY1
2384,MES1
2385,YGR265W
2386,YGR266W
2387,FOL2
2388,HUA1
2389,YGR269W
2390,YTA7
2391,SLH1
2392,[]
2393,YGR273C
2394,TAF1
2395,RTT102
2396,RNH70
2397,CAB4
2398,CWC22
2399,SCW4
2400,PXR1
2401,YOR1
2402,BGL2
2403,YGR283C
2404,ERV29
2405,ZUO1
2406,BIO2
2407,IMA1
2408,MAL13
2409,MAL11
2410,YGR290W
2411,YGR291C
2412,MAL12
2413,YGR293C
2414,PAU12
2415,COS6
2416,YRF1-3
2417,RPL14B
2418,HSE1
2419,LAG1
2420,MRP4
2421,YHL005C
2422,SHU1
2423,STE20
2424,YHL008C
2425,YAP3
2426,ETP1
2427,PRS3
2428,YHL012W
2429,OTU2
2430,YLF2
2431,RPS20
2432,DUR3
2433,YHL017W
2434,MCO14
2435,APM2
2436,OPI1
2437,AIM17
2438,SPO11
2439,NPR3
2440,RIM4
2441,SNF6
2442,YHL026C
2443,RIM101
2444,WSC4
2445,OCA5
2446,ECM29
2447,GOS1
2448,GUT1
2449,RPL8A
2450,SBP1
2451,VMR1
2452,MUP3
2453,YHL037C
2454,CBP2
2455,EFM1
2456,ARN1
2457,YHL041W
2458,YHL042W
2459,ECM34
2460,YHL044W
2461,YHL045W
2462,PAU13
2463,ARN2
2464,COS8
2465,YHL049C
2466,YHL050C
2467,OSH7
2468,LEU5
2469,TCD1
2470,NEM1
2471,GPA1
2472,STP2
2473,ERG11
2474,SOD2
2475,TDA3
2476,RPL27A
2477,DIA4
2478,VPS29
2479,ARD1
2480,SPO13
2481,MIP6
2482,YSC84
2483,YSC83
2484,ARG4
2485,DED81
2486,YHR020W
2487,RPS27B
2488,YHR022C
2489,MYO1
2490,MAS2
2491,THR1
2492,VMA16
2493,RPN1
2494,DAP2
2495,YHI9
2496,SLT2
2497,RRM3
2498,ERC1
2499,YHR033W
2500,PIH1
2501,NEL1
2502,BRL1
2503,PUT2
2504,RRF1
2505,MSC7
2506,BCD1
2507,SRB2
2508,NCP1
2509,DOG2
2510,DOG1
2511,YHR045W
2512,INM1
2513,AAP1
2514,YHK8
2515,FSH1
2516,SMF2
2517,COX6
2518,CIC1
2519,CUP1-1
2520,YHR054C
2521,CUP1-2
2522,RSC30
2523,CPR2
2524,MED6
2525,FYV4
2526,VMA22
2527,GIC1
2528,RPP1
2529,PAN5
2530,SSZ1
2531,RRP3
2532,SSF1
2533,HTD2
2534,DYS1
2535,RRP4
2536,TRM5
2537,PCL5
2538,ERG7
2539,OSH3
2540,QNS1
2541,PPE1
2542,PTC7
2543,NMD2
2544,YHR078W
2545,IRE1
2546,LAM4
2547,LRP1
2548,KSP1
2549,SAM35
2550,STE12
2551,IPI1
2552,NAM8
2553,RTC3
2554,RPF1
2555,GAR1
2556,YNG2
2557,MSR1
2558,HXT4
2559,AHT1
2560,HXT1
2561,YHR095W
2562,HXT5
2563,PAL2
2564,SFB3
2565,TRA1
2566,GEP4
2567,BIG1
2568,KIC1
2569,SBE22
2570,GRE3
2571,YPT35
2572,TRR2
2573,CDC12
2574,GGA2
2575,CTM1
2576,ERP5
2577,UBA4
2578,YHR112C
2579,APE4
2580,BZZ1
2581,DMA1
2582,COX23
2583,TOM71
2584,ORC6
2585,SET1
2586,MSH1
2587,LSM12
2588,CIA2
2589,EPT1
2590,NDT80
2591,YHR125W
2592,ANS1
2593,YHR127W
2594,FUR1
2595,ARP1
2596,YHR130C
2597,YHR131C
2598,ECM14
2599,NSG1
2600,WSS1
2601,YCK1
2602,SPL2
2603,ARO9
2604,YHR138C
2605,SPS100
2606,YHR140W
2607,RPL42B
2608,CHS7
2609,DSE2
2610,DCD1
2611,YHR145C
2612,CRP1
2613,MRPL6
2614,IMP3
2615,SKG6
2616,PEX28
2617,MTC6
2618,SPO12
2619,SPO16
2620,RTT107
2621,LAM1
2622,LIN1
2623,REC104
2624,KEL1
2625,TDA11
2626,PEX18
2627,YAP1801
2628,MPC2
2629,SOL3
2630,DNA2
2631,PRP8
2632,CDC23
2633,THP2
2634,MTG2
2635,DBP8
2636,NMD3
2637,ATG7
2638,SPC97
2639,YHR173C
2640,ENO2
2641,CTR2
2642,FMO1
2643,ROF1
2644,STB5
2645,OYE2
2646,YHR180W
2647,SVP26
2648,YHR182W
2649,GND1
2650,SSP1
2651,PFS1
2652,KOG1
2653,IKI1
2654,GPI16
2655,PTH1
2656,ERG9
2657,CTF8
2658,LNP1
2659,EGD2
2660,MDM31
2661,NVJ1
2662,UTP9
2663,RIX1
2664,AIM18
2665,AIM46
2666,RPN10
2667,PPX1
2668,YHR202W
2669,RPS4B
2670,MNL1
2671,SCH9
2672,SKN7
2673,SET5
2674,BAT1
2675,CRG1
2676,YHR210C
2677,FLO5
2678,YHR212C
2679,YHR213W
2680,YHR214W
2681,PHO12
2682,IMD2
2683,YHR217C
2684,YHR218W
2685,YHR219W
2686,YIL001W
2687,INP51
2688,CFD1
2689,BET1
2690,EPS1
2691,YIA6
2692,NAS2
2693,URM1
2694,FAA3
2695,DOT5
2696,TIR3
2697,YIL012W
2698,PDR11
2699,MNT3
2700,BAR1
2701,SNL1
2702,RPL2B
2703,FAF1
2704,HIS6
2705,RPB3
2706,TIM44
2707,YKE4
2708,YIL024C
2709,YIL025C
2710,IRR1
2711,EMC5
2712,YIL028W
2713,EMA17
2714,SSM4
2715,ULP2
2716,YIL032C
2717,BCY1
2718,CAP2
2719,CKA1
2720,CST6
2721,PRM2
2722,NOT3
2723,TED1
2724,APQ12
2725,GVP36
2726,PKP1
2727,CBR1
2728,AGE2
2729,PIG2
2730,MET30
2731,SYG1
2732,NEO1
2733,DFG10
2734,PCL7
2735,MMF1
2736,RPL34B
2737,GPP1
2738,YIL054W
2739,YIL055C
2740,VHR1
2741,RGI2
2742,YIL058W
2743,YIL059C
2744,YIL060W
2745,SNP1
2746,ARC15
2747,YRB2
2748,EFM4
2749,FIS1
2750,RNR3
2751,YIL067C
2752,SEC6
2753,RPS24B
2754,MAM33
2755,PCI8
2756,HOP1
2757,SPO22
2758,SER33
2759,RPN2
2760,SEC28
2761,RCI37
2762,THS1
2763,AIR1
2764,YIL080W
2765,YIL082W
2766,CAB2
2767,SDS3
2768,KTR7
2769,YIL086C
2770,AIM19
2771,AVT7
2772,YIL089W
2773,ICE2
2774,UTP25
2775,YIL092W
2776,RSM25
2777,LYS12
2778,PRK1
2779,BMT5
2780,FYV10
2781,FMC1
2782,SGA1
2783,YIL100W
2784,XBP1
2785,YIL102C
2786,DPH1
2787,SHQ1
2788,SLM1
2789,MOB1
2790,PFK26
2791,YIL108W
2792,SEC24
2793,HPM1
2794,COX5B
2795,HOS4
2796,SDP1
2797,POR2
2798,NUP159
2799,HIS5
2800,PRM5
2801,RHO3
2802,RPI1
2803,QDR1
2804,QDR2
2805,POG1
2806,SIM1
2807,AYR1
2808,KGD1
2809,STH1
2810,RRT14
2811,MET18
2812,TAO3
2813,ASG1
2814,FKH1
2815,CSM2
2816,RPL16A
2817,FLX1
2818,VHS2
2819,OM45
2820,TMA108
2821,TPM2
2822,REV7
2823,AXL2
2824,YIL141W
2825,CCT2
2826,SSL2
2827,NDC80
2828,PAN6
2829,ATG32
2830,SLN1
2831,RPL40A
2832,MLP2
2833,MCM10
2834,ESL1
2835,YIL152W
2836,RRD1
2837,IMP2'
2838,GUT2
2839,UBP7
2840,COA1
2841,AIM20
2842,BNR1
2843,POT1
2844,YIL161W
2845,SUC2
2846,YIL163C
2847,NIT1
2848,YIL165C
2849,SOA1
2850,SDL1
2851,YIL168W
2852,CSS1
2853,HXT12
2854,YIL171W
2855,IMA3
2856,VTH1
2857,YIL174W
2858,YIL175W
2859,PAU14
2860,YIL177C
2861,SGN1
2862,MPH1
2863,AIM21
2864,DJP1
2865,IST3
2866,PAN1
2867,EGH1
2868,PRI1
2869,MSL1
2870,DSN1
2871,STS1
2872,SQT1
2873,GAT4
2874,VLD1
2875,RPR2
2876,YIR016W
2877,MET28
2878,YAP5
2879,FLO11
2880,YIR020C
2881,MRS1
2882,SEC11
2883,DAL81
2884,INA22
2885,MND2
2886,YVH1
2887,DAL1
2888,DAL4
2889,DAL2
2890,DCG1
2891,DAL7
2892,DAL3
2893,MGA2
2894,LYS1
2895,NRE1
2896,IRC24
2897,HYR1
2898,GTT1
2899,YPS6
2900,YIR040C
2901,PAU15
2902,YIR042C
2903,YIR043C
2904,YIR044C
2905,PRE3
2906,OST1
2907,COX16
2908,SYS1
2909,CYR1
2910,CTK2
2911,YJL007C
2912,CCT8
2913,YJL009W
2914,NOP9
2915,RPC17
2916,VTC4
2917,MAD3
2918,CCT3
2919,YJL015C
2920,TPH3
2921,[]
2922,[]
2923,MPS3
2924,BBC1
2925,[]
2926,YJL022W
2927,PET130
2928,APS3
2929,RRN7
2930,RNR2
2931,YJL027C
2932,YJL028W
2933,VPS53
2934,MAD2
2935,BET4
2936,YJL032W
2937,HCA4
2938,KAR2
2939,TAD2
2940,SNX4
2941,IRC18
2942,LOH1
2943,NUP192
2944,NSP1
2945,MHP1
2946,YJL043W
2947,GYP6
2948,YJL045W
2949,AIM22
2950,RTT101
2951,UBX6
2952,CHM7
2953,MTR4
2954,IRC8
2955,TDH1
2956,PEP8
2957,TIM54
2958,LOG1
2959,ZAP1
2960,IKS1
2961,BIT61
2962,YHC3
2963,BNA3
2964,NUP82
2965,LAS21
2966,MRPL8
2967,YJL064W
2968,DLS1
2969,MPM1
2970,YJL067W
2971,YJL068C
2972,UTP18
2973,YJL070C
2974,ARG2
2975,PSF2
2976,JEM1
2977,SMC3
2978,APQ13
2979,NET1
2980,ICS3
2981,PRY3
2982,PRY1
2983,SCP160
2984,ARP4
2985,IML2
2986,TAX4
2987,ALY2
2988,EXO70
2989,YJL086C
2990,TRL1
2991,ARG3
2992,SIP4
2993,DPB11
2994,GWT1
2995,SRS2
2996,TOK1
2997,KHA1
2998,BCK1
2999,MRPL49
3000,PHS1
3001,SAP185
3002,CHS6
3003,LSB6
3004,GSH1
3005,MEF2
3006,GSM1
3007,PAM16
3008,SET4
3009,IME2
3010,YJL107C
3011,PRM10
3012,UTP10
3013,GZF3
3014,CCT7
3015,MDV1
3016,YJL113W
3017,YJL114W
3018,ASF1
3019,NCA3
3020,PHO86
3021,YJL118W
3022,YJL119C
3023,YJL120W
3024,RPE1
3025,ALB1
3026,MTC1
3027,LSM1
3028,GCD14
3029,NIT2
3030,SPT10
3031,PBS2
3032,TRK1
3033,URA2
3034,AIM23
3035,YJL132W
3036,MRS3
3037,LCB3
3038,YJL135W
3039,RPS21B
3040,GLG2
3041,TIF2
3042,YUR1
3043,RPB4
3044,YAK1
3045,IRC9
3046,TIM17
3047,ROQ1
3048,SFH5
3049,IDS2
3050,SMT1
3051,RPA34
3052,DAS1
3053,YJL150W
3054,SNA3
3055,YJL152W
3056,INO1
3057,VPS35
3058,FBP26
3059,SSY5
3060,FAR1
3061,CIS3
3062,HSP150
3063,PIR5
3064,FMP33
3065,JJJ2
3066,YJL163C
3067,TPK1
3068,HAL5
3069,QCR8
3070,ERG20
3071,SET2
3072,YJL169W
3073,ASG7
3074,TOH1
3075,CPS1
3076,RFA3
3077,KRE9
3078,YJL175W
3079,SWI3
3080,RPL17B
3081,ATG27
3082,PFD1
3083,ATP12
3084,RBH1
3085,YJL182C
3086,MNN11
3087,GON7
3088,ATG36
3089,MNN5
3090,SWE1
3091,BUD19
3092,RPL39
3093,RPS22A
3094,RPS14B
3095,SOP4
3096,YJL193W
3097,CDC6
3098,YJL195C
3099,ELO1
3100,UBP12
3101,PHO90
3102,MBB1
3103,ACO2
3104,ECM25
3105,YJL202C
3106,PRP21
3107,RCY1
3108,YJL206C
3109,LAA1
3110,NUC1
3111,CBP1
3112,PEX2
3113,YJL211C
3114,OPT1
3115,YJL213W
3116,HXT8
3117,YJL215C
3118,IMA5
3119,REE1
3120,YJL218W
3121,HXT9
3122,YJL220W
3123,IMA4
3124,VTH2
3125,PAU1
3126,YJL225C
3127,AVT1
3128,MPP10
3129,MRX12
3130,SAG1
3131,APL1
3132,POL31
3133,SUI2
3134,MHO1
3135,TDH2
3136,MET3
3137,YJR011C
3138,YJR012C
3139,GPI14
3140,TMA22
3141,YJR015W
3142,ILV3
3143,ESS1
3144,YJR018W
3145,TES1
3146,YJR020W
3147,REC107
3148,LSM8
3149,YJR023C
3150,MDE1
3151,BNA1
3152,YJR026W
3153,YJR027W
3154,YJR028W
3155,YJR029W
3156,RBH2
3157,GEA1
3158,CPR7
3159,RAV1
3160,PET191
3161,RAD26
3162,HUL4
3163,YJR037W
3164,YJR038C
3165,MLO127
3166,GEF1
3167,URB2
3168,NUP85
3169,POL32
3170,VPS55
3171,SSC1
3172,TAH11
3173,ANB1
3174,CYC1
3175,UTR1
3176,ISY1
3177,OSM1
3178,RAD7
3179,BFA1
3180,KCH1
3181,HIT1
3182,YJR056C
3183,CDC8
3184,APS2
3185,PTK2
3186,CBF1
3187,MNN14
3188,NTA1
3189,RPA12
3190,CCT5
3191,ARP3
3192,TOR1
3193,YAE1
3194,RFC2
3195,HAM1
3196,LIA1
3197,YJR071W
3198,NPA3
3199,OPI3
3200,MOG1
3201,HOC1
3202,CDC11
3203,MIR1
3204,BNA2
3205,YJR079W
3206,AIM24
3207,EAF6
3208,ACF4
3209,YJR084W
3210,TMH11
3211,STE18
3212,YJR087W
3213,EMC2
3214,BIR1
3215,GRR1
3216,JSN1
3217,BUD4
3218,FIP1
3219,IME1
3220,SFC1
3221,YJR096W
3222,JJJ3
3223,YJR098C
3224,YUH1
3225,AIM25
3226,RSM26
3227,VPS25
3228,URA8
3229,SOD1
3230,ADO1
3231,ECM27
3232,LIH1
3233,ABM1
3234,CPA2
3235,YMR1
3236,PXP2
3237,NNF1
3238,RSM7
3239,YJR114W
3240,YJR115W
3241,TDA4
3242,STE24
3243,ILM1
3244,JHD2
3245,YJR120W
3246,ATP2
3247,IBA57
3248,RPS5
3249,YJR124C
3250,ENT3
3251,VPS70
3252,RSF2
3253,YJR128W
3254,EFM3
3255,STR2
3256,MNS1
3257,NMD5
3258,XPT1
3259,SGM1
3260,MCM22
3261,TTI2
3262,MET5
3263,IML1
3264,HOM6
3265,HIR3
3266,IPA1
3267,YJR142W
3268,PMT4
3269,MGM101
3270,RPS4A
3271,YJR146W
3272,HMS2
3273,BAT2
3274,YJR149W
3275,DAN1
3276,DAN4
3277,DAL5
3278,PGU1
3279,YJR154W
3280,AAD10
3281,THI11
3282,YJR157W
3283,HXT16
3284,SOR1
3285,MPH3
3286,COS5
3287,YJR162C
3288,MET14
3289,DID4
3290,MRP17
3291,AUR1
3292,BYE1
3293,RPL14A
3294,CAP1
3295,LAC1
3296,MRT4
3297,UFD4
3298,CCE1
3299,PRP40
3300,ARC19
3301,URB1
3302,PUT3
3303,ATP7
3304,HCS1
3305,SWD2
3306,RAM2
3307,SPT23
3308,MAK11
3309,CDC16
3310,SKA1
3311,URA6
3312,PAN3
3313,GPX1
3314,TCD2
3315,TFA1
3316,MAE1
3317,YKL030W
3318,YKL031W
3319,IXR1
3320,TTI1
3321,TUL1
3322,UGP1
3323,YKL036C
3324,AIM26
3325,RGT1
3326,PTM1
3327,NFU1
3328,VPS24
3329,SPC42
3330,PHD1
3331,MMO1
3332,PRI2
3333,DCW1
3334,ANR2
3335,ELM1
3336,CSE4
3337,YKL050C
3338,SFK1
3339,ASK1
3340,YKL053W
3341,DEF1
3342,OAR1
3343,TMA19
3344,NUP120
3345,TOA2
3346,MPE1
3347,FBA1
3348,BLI1
3349,MSN4
3350,YKL063C
3351,MNR2
3352,YET1
3353,YKL066W
3354,YNK1
3355,NUP100
3356,YKL069W
3357,YKL070W
3358,YKL071W
3359,STB6
3360,LHS1
3361,MUD2
3362,YKL075C
3363,PSY1
3364,PSG1
3365,DHR2
3366,SMY1
3367,VMA5
3368,TEF4
3369,RRP14
3370,YKL083W
3371,HOT13
3372,MDH1
3373,SRX1
3374,CYT2
3375,CAB3
3376,MIF2
3377,CUE2
3378,YKL091C
3379,BUD2
3380,MBR1
3381,YJU3
3382,YJU2
3383,CWP1
3384,YKL097C
3385,MTC2
3386,UTP11
3387,YPF1
3388,HSL1
3389,YKL102C
3390,APE1
3391,GFA1
3392,SEG2
3393,AAT1
3394,YKL107W
3395,SLD2
3396,HAP4
3397,KTI12
3398,YKL111C
3399,ABF1
3400,RAD27
3401,APN1
3402,YKL115C
3403,PRR1
3404,SBA1
3405,YKL118W
3406,VPH2
3407,OAC1
3408,DGR2
3409,SRP21
3410,YKL123W
3411,SSH4
3412,RRN3
3413,YPK1
3414,PGM1
3415,PMU1
3416,MYO3
3417,SHE2
3418,YKL131W
3419,RMA1
3420,RCI50
3421,OCT1
3422,APL2
3423,YKL136W
3424,CMC1
3425,MRPL31
3426,CTK1
3427,TGL1
3428,SDH3
3429,MRP8
3430,LTV1
3431,RPC25
3432,RPT1
3433,AVT3
3434,YKL147C
3435,SDH1
3436,DBR1
3437,MCR1
3438,NNR2
3439,GPM1
3440,YKL153W
3441,SRP102
3442,RSM22
3443,RPS27A
3444,APE2
3445,RCN1
3446,ELF1
3447,KDX1
3448,YKL162C
3449,PIR3
3450,PIR1
3451,MCD4
3452,TPK3
3453,MRP49
3454,KKQ8
3455,YKL169C
3456,MRPL38
3457,NNK1
3458,EBP2
3459,SNU114
3460,TPO5
3461,ZRT3
3462,LST4
3463,YKL177W
3464,STE3
3465,COY1
3466,RPL17A
3467,PRS1
3468,FAS1
3469,LOT5
3470,SPE1
3471,ASH1
3472,MTR2
3473,FAT3
3474,PXA2
3475,HYM1
3476,CNB1
3477,DPH2
3478,ACP1
3479,SDS22
3480,MST1
3481,MIA40
3482,YKT6
3483,PEX1
3484,PTK1
3485,[]
3486,MNN4
3487,YKL202W
3488,TOR2
3489,EAP1
3490,LOS1
3491,ADD66
3492,EMC3
3493,CBT1
3494,STE6
3495,UBA1
3496,TRP3
3497,SAC1
3498,DOA1
3499,YRA2
3500,OXP1
3501,URA1
3502,JEN1
3503,SRY1
3504,COS9
3505,FRE2
3506,MCH2
3507,YKL222C
3508,YKL223W
3509,PAU16
3510,YKL225W
3511,VPS1
3512,PAP1
3513,OSH6
3514,ECM9
3515,YKR005C
3516,MRPL13
3517,MEH1
3518,RSC4
3519,FOX2
3520,TOF2
3521,YKR011C
3522,YKR012C
3523,PRY2
3524,YPT52
3525,YKR015C
3526,MIC60
3527,HEL1
3528,YKR018C
3529,IRS4
3530,VPS51
3531,ALY1
3532,NTR2
3533,RQT4
3534,DBP7
3535,RPC37
3536,GCN3
3537,BCH2
3538,SAP190
3539,SET3
3540,GMH1
3541,SPO14
3542,YKR032W
3543,YKR033C
3544,DAL80
3545,OPI8
3546,CAF4
3547,SPC34
3548,KAE1
3549,GAP1
3550,YKR040C
3551,YKR041W
3552,UTH1
3553,SHB17
3554,UIP5
3555,YKR045C
3556,PLN1
3557,YKR047W
3558,NAP1
3559,FMP46
3560,TRK2
3561,HFL1
3562,MRS4
3563,YSR3
3564,DYN1
3565,RHO4
3566,TRM2
3567,RPS21A
3568,GLG1
3569,TIF1
3570,UTP30
3571,KTR2
3572,TFA2
3573,LAS1
3574,OAF3
3575,PAM17
3576,CCP1
3577,GPT2
3578,BET3
3579,MET1
3580,YKR070W
3581,DRE2
3582,SIS2
3583,YKR073C
3584,AIM29
3585,YKR075C
3586,ECM4
3587,MSA2
3588,YKR078W
3589,TRZ1
3590,MTD1
3591,RPF2
3592,NUP133
3593,DAD2
3594,HBS1
3595,MRPL20
3596,PRP16
3597,OMA1
3598,TVP38
3599,TGL4
3600,PXL1
3601,SRL3
3602,SRP40
3603,PTR2
3604,RPL40B
3605,MLP1
3606,ESL2
3607,PCK1
3608,UBP11
3609,BAS1
3610,SKG1
3611,SIR1
3612,FLO10
3613,NFT1
3614,YKR104W
3615,VBA5
3616,GEX2
3617,DNM1
3618,RTT109
3619,SFI1
3620,ORC3
3621,SPO75
3622,MMM1
3623,LMO1
3624,DRS1
3625,COX17
3626,PSR1
3627,SOF1
3628,YEH1
3629,PUF3
3630,EMC6
3631,BPT1
3632,SDC25
3633,YLL017W
3634,DPS1
3635,KNS1
3636,YLL020C
3637,SPA2
3638,HIF1
3639,POM33
3640,SSA2
3641,PAU17
3642,HSP104
3643,ISA1
3644,TPO1
3645,FRA1
3646,RRT7
3647,GPI13
3648,YLL032C
3649,IRC19
3650,RIX7
3651,GRC3
3652,PRP19
3653,YLL037W
3654,ENT4
3655,UBI4
3656,VPS13
3657,SDH2
3658,ATG10
3659,FPS1
3660,YLL044W
3661,RPL8B
3662,RNP1
3663,YLL047W
3664,YBT1
3665,LDB18
3666,COF1
3667,FRE6
3668,AQY2
3669,YLL053C
3670,YLL054C
3671,YCT1
3672,YLL056C
3673,JLP1
3674,YLL058W
3675,YLL059C
3676,GTT2
3677,MMP1
3678,MHT1
3679,AYT1
3680,PAU18
3681,YLL065W
3682,YLL066C
3683,YLL067C
3684,YLR001C
3685,NOC3
3686,CMS1
3687,THI73
3688,SSL1
3689,SSK1
3690,NSE1
3691,PAM18
3692,RLP24
3693,TEN1
3694,LOT6
3695,YLR012C
3696,GAT3
3697,PPR1
3698,BRE2
3699,PML1
3700,MEU1
3701,POM34
3702,PSR2
3703,YEH2
3704,IRC25
3705,SDO1
3706,IZH3
3707,UBR2
3708,SNF7
3709,SED5
3710,AAT2
3711,ADE16
3712,RPL15A
3713,YLR030W
3714,YLR031W
3715,RAD5
3716,RSC58
3717,SMF3
3718,MLH2
3719,YLR036C
3720,PAU23
3721,COX12
3722,RIC1
3723,AFB1
3724,YLR041W
3725,YLR042C
3726,TRX1
3727,PDC1
3728,STU2
3729,YLR046C
3730,FRE8
3731,RPS0B
3732,MLO50
3733,EMA19
3734,FCF2
3735,IES3
3736,YLR053C
3737,OSW2
3738,SPT8
3739,ERG3
3740,MNL2
3741,SHM2
3742,REX2
3743,FRS1
3744,RPL22A
3745,BUD28
3746,BMT6
3747,PER33
3748,SND2
3749,SPC3
3750,PET309
3751,FYV7
3752,MEF1
3753,XYL2
3754,RGR1
3755,LAM6
3756,RFU1
3757,BUD20
3758,RPL10
3759,YLR076C
3760,FMP25
3761,BOS1
3762,SIC1
3763,EMP46
3764,GAL2
3765,SRL2
3766,EMP70
3767,RAX2
3768,ARP6
3769,SMC4
3770,CSF1
3771,GAA1
3772,ALT1
3773,XDJ1
3774,GEP5
3775,SUL2
3776,NYV1
3777,GIS3
3778,IOC2
3779,KIN2
3780,HRT3
3781,CHA4
3782,ICT1
3783,ERG27
3784,YLR101C
3785,APC9
3786,CDC45
3787,LCL2
3788,SEN2
3789,REA1
3790,REX3
3791,YLR108C
3792,AHP1
3793,CCW12
3794,YLR111W
3795,YLR112W
3796,HOG1
3797,AVL9
3798,CFT2
3799,MSL5
3800,CLF1
3801,TML25
3802,SRN2
3803,YPS1
3804,YPS3
3805,YLR122C
3806,YLR123C
3807,YLR124W
3808,YLR125W
3809,YLR126C
3810,APC2
3811,DCN1
3812,DIP2
3813,ZRT2
3814,ACE2
3815,USB1
3816,CKI1
3817,PDC5
3818,SLX4
3819,TIS11
3820,RKM5
3821,NHA1
3822,SLS1
3823,YLR140W
3824,RRN5
3825,PUT1
3826,DPH6
3827,ACF2
3828,RMP1
3829,SPE4
3830,SMD3
3831,PEP3
3832,YLR149C
3833,STM1
3834,PCD1
3835,YLR152C
3836,ACS2
3837,RNH203
3838,ASP3-1
3839,YLR156W
3840,ASP3-2
3841,ASP3-3
3842,YLR159W
3843,ASP3-4
3844,YLR161W
3845,YLR162W
3846,MAS1
3847,SHH4
3848,PUS5
3849,SEC10
3850,RPS31
3851,UPS2
3852,YLR169W
3853,APS1
3854,YLR171W
3855,DPH5
3856,YLR173W
3857,IDP2
3858,CBF5
3859,RFX1
3860,YLR177W
3861,TFS1
3862,YLR179C
3863,SAM1
3864,VTA1
3865,SWI6
3866,TOS4
3867,YLR184W
3868,RPL37A
3869,EMG1
3870,SKG3
3871,MDL1
3872,ATG26
3873,MMR1
3874,PEX13
3875,HCR1
3876,UPS1
3877,NCW2
3878,NMT1
3879,PWP1
3880,NOP56
3881,YLR198C
3882,PBA1
3883,YKE2
3884,COQ9
3885,YLR202C
3886,MSS51
3887,QRI5
3888,HMX1
3889,ENT2
3890,HRD3
3891,SEC13
3892,PNP1
3893,CLB4
3894,ATG38
3895,TUB4
3896,CRR1
3897,FRE1
3898,CDC123
3899,CPR6
3900,YLR217W
3901,COA4
3902,MSC3
3903,CCC1
3904,RSA3
3905,UTP13
3906,IFH1
3907,UCC1
3908,YLR225C
3909,BUR2
3910,ADY4
3911,ECM22
3912,CDC42
3913,YLR230W
3914,BNA5
3915,YLR232W
3916,EST1
3917,TOP3
3918,YLR235C
3919,YLR236C
3920,THI7
3921,FAR10
3922,LIP2
3923,VPS34
3924,CSC1
3925,ARV1
3926,GPN3
3927,MAP1
3928,CDD1
3929,ERF2
3930,IRC20
3931,RCK2
3932,YEF3
3933,SSP120
3934,SYM1
3935,YLR252W
3936,MCP2
3937,NDL1
3938,YLR255C
3939,HAP1
3940,YLR257W
3941,GSY2
3942,HSP60
3943,LCB5
3944,VPS63
3945,YPT6
3946,RED1
3947,RPS28B
3948,NEJ1
3949,PDR8
3950,BOP2
3951,SEC22
3952,YLR269C
3953,DCS1
3954,CMG1
3955,YCS4
3956,PIG1
3957,MCM5
3958,SMD2
3959,DBP9
3960,YSH1
3961,YLR278C
3962,YLR279W
3963,YLR280C
3964,RSO55
3965,YLR282C
3966,YLR283W
3967,ECI1
3968,NNT1
3969,CTS1
3970,YLR287C
3971,MEC3
3972,GUF1
3973,COQ11
3974,GCD7
3975,SEC72
3976,GSP1
3977,YLR294C
3978,ATP14
3979,YLR296W
3980,YLR297W
3981,YHC1
3982,ECM38
3983,EXG1
3984,HRI1
3985,YLR302C
3986,MET17
3987,ACO1
3988,STT4
3989,UBC12
3990,CDA1
3991,CDA2
3992,IMH1
3993,CDC25
3994,YLR311C
3995,ATG39
3996,MRPL15
3997,SPH1
3998,CDC3
3999,NKP2
4000,TAD3
4001,YLR317W
4002,EST2
4003,BUD6
4004,MMS22
4005,SFH1
4006,VPS65
4007,CWC24
4008,PEX30
4009,RPL38
4010,YLR326W
4011,TMA10
4012,NMA1
4013,REC102
4014,CHS5
4015,JIP3
4016,MID2
4017,RPS25B
4018,YLR334C
4019,NUP2
4020,SGD1
4021,VRP1
4022,OPI9
4023,YLR339C
4024,RPP0
4025,SPO77
4026,FKS1
4027,GAS2
4028,RPL26A
4029,YLR345W
4030,CIS1
4031,KAP95
4032,DIC1
4033,YLR349W
4034,ORM2
4035,NIT3
4036,LUG1
4037,BUD8
4038,TAL1
4039,ILV5
4040,ATG33
4041,RSC2
4042,YLR358C
4043,ADE13
4044,VPS38
4045,DCR2
4046,STE11
4047,NMD4
4048,GRX8
4049,YLR365W
4050,YLR366W
4051,RPS22B
4052,MDM30
4053,SSQ1
4054,ARC18
4055,ROM2
4056,ELO3
4057,VID22
4058,YLR374C
4059,STP3
4060,PSY3
4061,FBP1
4062,SEC61
4063,YLR379W
4064,CSR1
4065,CTF3
4066,NAM2
4067,SMC6
4068,IKI3
4069,SWC7
4070,VAC14
4071,REH1
4072,RPS29A
4073,STE23
4074,ECM19
4075,ART10
4076,ATP10
4077,CST9
4078,COX8
4079,VPS33
4080,AFG2
4081,SKI2
4082,BDF1
4083,YLR400W
4084,DUS3
4085,YLR402W
4086,SFP1
4087,SEI1
4088,DUS4
4089,RPL31B
4090,YLR407W
4091,BLS1
4092,UTP21
4093,VIP1
4094,CTR3
4095,BER1
4096,INA1
4097,PUN1
4098,YLR415C
4099,YLR416C
4100,VPS36
4101,CDC73
4102,YLR419W
4103,URA4
4104,RPN13
4105,DCK1
4106,ATG17
4107,SPP382
4108,TUS1
4109,TDA5
4110,MAG2
4111,YLR428C
4112,CRN1
4113,SEN1
4114,ATG23
4115,IMD3
4116,CNA1
4117,YLR434C
4118,TSR2
4119,ECM30
4120,DIF1
4121,CAR2
4122,MRPL4
4123,SEC39
4124,RPS1A
4125,SIR3
4126,ECM7
4127,YLR444C
4128,GMC2
4129,YLR446W
4130,VMA6
4131,RPL6B
4132,FPR4
4133,HMG2
4134,LEU3
4135,SST2
4136,RIF2
4137,FMP27
4138,PDP3
4139,YLR456W
4140,NBP1
4141,YLR458W
4142,GAB1
4143,YLR460C
4144,PAU4
4145,YLR462W
4146,YLR463C
4147,YLR464W
4148,BSC3
4149,YRF1-4
4150,YRF1-5
4151,YPT7
4152,YML002W
4153,YML003W
4154,GLO1
4155,TRM12
4156,GIS4
4157,YAP1
4158,ERG6
4159,[]
4160,SPT5
4161,RAD33
4162,ERV25
4163,UBX2
4164,TRM9
4165,TAF11
4166,PPZ1
4167,PSP2
4168,YML018C
4169,OST6
4170,YML020W
4171,UNG1
4172,APT1
4173,NSE5
4174,RPS17A
4175,YML6
4176,RPS18B
4177,YOX1
4178,TSA1
4179,USA1
4180,RCF1
4181,NDC1
4182,RAD52
4183,SRC1
4184,AMD1
4185,CGI121
4186,YML037C
4187,YMD8
4188,YML039W
4189,YML040W
4190,VPS71
4191,CAT2
4192,RRN11
4193,YML045W
4194,PRP39
4195,PRM6
4196,GSF2
4197,RSE1
4198,AIM32
4199,GAL80
4200,SUR7
4201,YML053C
4202,CYB2
4203,SPC2
4204,IMD4
4205,CMP2
4206,SML1
4207,NTE1
4208,OGG1
4209,PIF1
4210,MFT1
4211,RPS1B
4212,TEM1
4213,ORC1
4214,SMA2
4215,ERV41
4216,ITT1
4217,POB3
4218,DAK1
4219,COG8
4220,TCB3
4221,RPL6A
4222,FPR3
4223,HMG1
4224,WAR1
4225,BET5
4226,CPR3
4227,YML079W
4228,DUS1
4229,TDA9
4230,YML082W
4231,YML083C
4232,YML084W
4233,TUB1
4234,ALO1
4235,AIM33
4236,UFO1
4237,YML089C
4238,YML090W
4239,RPM2
4240,PRE8
4241,UTP14
4242,GIM5
4243,RAD10
4244,YML096W
4245,VPS9
4246,TAF13
4247,ARG81
4248,TSL1
4249,CUE4
4250,CAC2
4251,NUP188
4252,MDM1
4253,SEC65
4254,URA5
4255,PML39
4256,YML108W
4257,ZDS2
4258,COQ5
4259,BUL2
4260,CTK3
4261,DAT1
4262,TAF8
4263,VAN1
4264,ATR1
4265,NAB6
4266,NGL3
4267,YML119W
4268,NDI1
4269,GTR1
4270,YML122C
4271,PHO84
4272,TUB3
4273,PGA3
4274,ERG13
4275,RSC9
4276,MSC1
4277,COX14
4278,ERO1
4279,YML131W
4280,COS3
4281,YML133C
4282,CDC5
4283,MIX17
4284,AIM34
4285,MVP1
4286,TAF4
4287,PLB2
4288,YMR007W
4289,PLB1
4290,ADI1
4291,ANY1
4292,HXT2
4293,CLU1
4294,SEC59
4295,BUD22
4296,ERG5
4297,SOK2
4298,SPO20
4299,PEX9
4300,STB4
4301,FMS1
4302,MAC1
4303,UBC7
4304,MSS1
4305,MRPL3
4306,CSI1
4307,PEX12
4308,YMR027W
4309,TAP42
4310,FAR8
4311,RSF1
4312,EIS1
4313,HOF1
4314,ARP9
4315,RCH1
4316,IMP2
4317,MIH1
4318,MSN2
4319,CCS1
4320,SUB1
4321,YET2
4322,ARA2
4323,ARG80
4324,MCM1
4325,IOC4
4326,YMR045C
4327,YMR046C
4328,NUP116
4329,CSM3
4330,ERB1
4331,YMR050C
4332,YMR051C
4333,FAR3
4334,STB2
4335,STV1
4336,BUB2
4337,AAC1
4338,YMR057C
4339,FET3
4340,SEN15
4341,[]
4342,RNA14
4343,ARG7
4344,RIM9
4345,AEP1
4346,KAR5
4347,SOV1
4348,UBX4
4349,AVO2
4350,NAT4
4351,MOT3
4352,TVP18
4353,ABF2
4354,IRC21
4355,SDD2
4356,RCO1
4357,PDS5
4358,VPS20
4359,CTF18
4360,SEC14
4361,NAM7
4362,ISF1
4363,YMR082C
4364,ADH3
4365,YMR084W
4366,YMR085W
4367,SEG1
4368,PDL32
4369,VBA1
4370,YTA12
4371,YMR090W
4372,NPL6
4373,AIP1
4374,UTP15
4375,CTF13
4376,SNO1
4377,SNZ1
4378,MTG1
4379,ATP25
4380,YMR099C
4381,MUB1
4382,SRT1
4383,YMR102C
4384,YMR103C
4385,YPK2
4386,PGM2
4387,YKU80
4388,SPG4
4389,ILV2
4390,MYO5
4391,HFD1
4392,EUC1
4393,MED11
4394,FOL3
4395,YMR114C
4396,MGR3
4397,ASC1
4398,SPC24
4399,SHH3
4400,ASI1
4401,ADE17
4402,RPL15B
4403,YMR122C
4404,PKR1
4405,EPO1
4406,STO1
4407,DLT1
4408,SAS2
4409,ECM16
4410,POM152
4411,DPI35
4412,RRB1
4413,JLP2
4414,REC114
4415,ERG29
4416,GID8
4417,GAT2
4418,PSO2
4419,CIN4
4420,RIM11
4421,SIP5
4422,YMR141C
4423,RPL13B
4424,RPS16A
4425,FDO1
4426,NDE1
4427,TIF34
4428,LDO45
4429,LDO16
4430,SWP1
4431,IMP1
4432,YIM2
4433,YIM1
4434,NUP53
4435,RIM13
4436,YMR155W
4437,TPP1
4438,AIM36
4439,MRPS8
4440,ATG16
4441,YMR160W
4442,HLJ1
4443,DNF3
4444,INP2
4445,MSS11
4446,PAH1
4447,MME1
4448,MLH1
4449,CEP3
4450,[]
4451,ALD2
4452,EAR1
4453,HOT1
4454,DDR48
4455,[]
4456,[]
4457,ECM5
4458,MMT1
4459,FPY1
4460,SPT21
4461,CTL1
4462,YMR181C
4463,RGM1
4464,SSO2
4465,ADD37
4466,RTP1
4467,HSC82
4468,YMR187C
4469,MRPS17
4470,GCV2
4471,SGS1
4472,SPG5
4473,GYL1
4474,MRPL24
4475,RPL36A
4476,ICY1
4477,YMR196W
4478,VTI1
4479,CIK1
4480,CLN1
4481,ROT1
4482,RAD14
4483,ERG2
4484,TOM40
4485,INP1
4486,PFK2
4487,YMR206W
4488,HFA1
4489,ERG12
4490,YMR209C
4491,MGL2
4492,DML1
4493,EFR3
4494,CEF1
4495,SCJ1
4496,GAS3
4497,SKY1
4498,GUA1
4499,TRS130
4500,ESC1
4501,ERG8
4502,FMP42
4503,FSH2
4504,UBP8
4505,MRE11
4506,MRPL44
4507,YMR226C
4508,TAF7
4509,MTF1
4510,RRP5
4511,RPS10B
4512,PEP5
4513,FUS2
4514,TRI1
4515,RNH1
4516,RNA1
4517,TAF9
4518,BCH1
4519,DFG5
4520,RNT1
4521,CUS1
4522,YHM2
4523,RPL20A
4524,ZRC1
4525,YMR244W
4526,YMR245W
4527,FAA4
4528,RKR1
4529,GAD1
4530,GTO3
4531,MLO1
4532,YMR253C
4533,YMR254C
4534,GFD1
4535,[]
4536,PET111
4537,ROY1
4538,TRM732
4539,TIF11
4540,TPS3
4541,YMR262W
4542,SAP30
4543,CUE1
4544,YMR265C
4545,RSN1
4546,PPA2
4547,PRP24
4548,TMA23
4549,RRN9
4550,URA10
4551,SCS7
4552,[]
4553,RCE1
4554,BUL1
4555,DSK2
4556,FCP1
4557,PRM15
4558,ATR2
4559,CAT8
4560,GPI12
4561,AEP2
4562,RIT1
4563,YKU70
4564,NGL2
4565,[]
4566,DSS1
4567,HSH155
4568,ABZ2
4569,HAS1
4570,TDA1
4571,GOT1
4572,HER2
4573,JNM1
4574,YMR295C
4575,LCB1
4576,PRC1
4577,LIP1
4578,DYN3
4579,ADE4
4580,ATM1
4581,YME2
4582,ADH2
4583,UBP15
4584,SCW10
4585,FKS3
4586,GAS1
4587,PSE1
4588,NIP1
4589,YMR310C
4590,GLC8
4591,ELP6
4592,TGL3
4593,PRE5
4594,YMR315W
4595,DIA1
4596,YMR317W
4597,ADH6
4598,FET4
4599,YMR320W
4600,YMR321C
4601,SNO4
4602,ERR3
4603,YMR324C
4604,PAU19
4605,YMR326C
4606,DOM34
4607,RLP7
4608,PET8
4609,HRB1
4610,MRP7
4611,LST8
4612,SIS1
4613,ASI3
4614,IDP3
4615,PYP1
4616,YNL011C
4617,SPO1
4618,YNL013C
4619,HEF3
4620,PBI2
4621,PUB1
4622,YNL017C
4623,YNL018C
4624,YNL019C
4625,ARK1
4626,HDA1
4627,RCM1
4628,FAP1
4629,EFM6
4630,SSN8
4631,SAM50
4632,CRZ1
4633,YNL028W
4634,KTR5
4635,HHF2
4636,HHT2
4637,SIW14
4638,YNL033W
4639,YNL034W
4640,YNL035C
4641,NCE103
4642,IDH1
4643,GPI15
4644,BDP1
4645,YNL040W
4646,COG6
4647,BOP3
4648,YNL043C
4649,YIP3
4650,LAP2
4651,YNL046W
4652,SLM2
4653,ALG11
4654,SFB2
4655,YNL050C
4656,COG5
4657,COX5A
4658,MSG5
4659,VAC7
4660,POR1
4661,OCA2
4662,YNL057W
4663,YNL058C
4664,ARP5
4665,NOP2
4666,GCD10
4667,MTQ1
4668,YDJ1
4669,AQR1
4670,SUN4
4671,RPL9B
4672,FKH2
4673,RPL16B
4674,TOM7
4675,LAT1
4676,RNH201
4677,MSK1
4678,MLF3
4679,IMP4
4680,MKS1
4681,APJ1
4682,NIS1
4683,TPM1
4684,EOS1
4685,SWS2
4686,PMS1
4687,SAL1
4688,END3
4689,MKT1
4690,SNN1
4691,TCB2
4692,TOP2
4693,YNL089C
4694,RHO2
4695,NST1
4696,YNL092W
4697,YPT53
4698,APP1
4699,YNL095C
4700,RPS7B
4701,PHO23
4702,RAS2
4703,OCA1
4704,MIC27
4705,AVT4
4706,POL1
4707,MET4
4708,LEU4
4709,RRT16
4710,INP52
4711,YAF9
4712,YNL108C
4713,YNL109W
4714,NOP15
4715,CYB5
4716,DBP2
4717,RPC19
4718,YNL114C
4719,YNL115C
4720,DMA2
4721,MLS1
4722,DCP2
4723,NCS2
4724,YNL120C
4725,TOM70
4726,YNL122C
4727,NMA111
4728,NAF1
4729,ESBP6
4730,SPC98
4731,FAR11
4732,TEP1
4733,NRK1
4734,CPT1
4735,TOM22
4736,KRE33
4737,FYV6
4738,YNL134C
4739,FPR1
4740,EAF7
4741,NAM9
4742,SRV2
4743,THO2
4744,YNL140C
4745,AAH1
4746,MEP2
4747,YNL143C
4748,YNL144C
4749,MFA2
4750,YNL146W
4751,LSM7
4752,ALF1
4753,PGA2
4754,YNL150W
4755,RPC31
4756,INN1
4757,GIM3
4758,YCK2
4759,CUZ1
4760,NSG2
4761,IGO1
4762,PGA1
4763,ASI2
4764,YGP1
4765,CBK1
4766,RPL42A
4767,RIA1
4768,IBD2
4769,YNL165W
4770,BNI5
4771,SKO1
4772,FMP41
4773,PSD1
4774,YNL170W
4775,YNL171C
4776,APC1
4777,MDG1
4778,YNL174W
4779,NOP13
4780,TDA7
4781,MRPL22
4782,RPS3
4783,YNL179C
4784,RHO5
4785,PBR1
4786,IPI3
4787,NPR1
4788,YNL184C
4789,MRPL19
4790,UBP10
4791,SWT21
4792,KAR1
4793,SRP1
4794,YNL190W
4795,DUG3
4796,CHS1
4797,YNL193W
4798,YNL194C
4799,YNL195C
4800,SLZ1
4801,WHI3
4802,YNL198C
4803,GCR2
4804,NNR1
4805,PSY2
4806,SPS19
4807,YNL203C
4808,SPS18
4809,YNL205C
4810,RTT106
4811,RIO2
4812,YNL208W
4813,SSB2
4814,MER1
4815,MRX7
4816,VID27
4817,RRG9
4818,PEX17
4819,IES2
4820,RAP1
4821,PPN2
4822,MGS1
4823,ALG9
4824,ADE12
4825,POP1
4826,SSU72
4827,ATG4
4828,SQS1
4829,CNM67
4830,YNL226W
4831,JJJ1
4832,YNL228W
4833,URE2
4834,ELA1
4835,PDR16
4836,CSL4
4837,BNI4
4838,YNL234W
4839,YNL235C
4840,SIN4
4841,YTP1
4842,KEX2
4843,LAP3
4844,NAR1
4845,ZWF1
4846,ATG2
4847,SLA2
4848,SUI1
4849,CWC25
4850,VPS75
4851,CRS1
4852,RPA49
4853,MPA43
4854,RAD50
4855,NRD1
4856,MRPL17
4857,TEX1
4858,RTC4
4859,GIS2
4860,FOL1
4861,SIP3
4862,DSL1
4863,ATX1
4864,LTO1
4865,ORC5
4866,POL2
4867,YIF1
4868,PDR17
4869,IST1
4870,YNL266W
4871,PIK1
4872,LYP1
4873,BSC4
4874,ALP1
4875,BNI1
4876,SEC2
4877,TOF1
4878,GOR1
4879,BOR1
4880,YNL276C
4881,MET2
4882,CAF120
4883,PRM1
4884,ERG24
4885,HCH1
4886,POP3
4887,WSC2
4888,MRPL10
4889,YNL285W
4890,CUS2
4891,SEC21
4892,CAF40
4893,PCL1
4894,RFC3
4895,MID1
4896,PUS4
4897,MSB3
4898,RIM21
4899,MRX6
4900,YNL296W
4901,MON2
4902,CLA4
4903,TRF5
4904,TOS6
4905,RPL18B
4906,RPS19B
4907,YNL303W
4908,YPT11
4909,BXI1
4910,MRPS18
4911,MCK1
4912,KRI1
4913,STB1
4914,ZIM17
4915,SKP2
4916,RFA2
4917,EMW1
4918,DAL82
4919,ATP11
4920,PHA2
4921,PFS2
4922,HXT14
4923,YNL319W
4924,YNL320W
4925,VNX1
4926,KRE1
4927,LEM3
4928,YNL324W
4929,FIG4
4930,PFA3
4931,EGT2
4932,MDJ2
4933,PEX6
4934,RPD3
4935,AAD14
4936,THI12
4937,SNZ2
4938,SNO2
4939,DDI3
4940,COS1
4941,YNL337W
4942,YNL338W
4943,YRF1-6
4944,CIT1
4945,ATO2
4946,RPC34
4947,SWM2
4948,YNR005C
4949,VPS27
4950,ATG3
4951,LRO1
4952,NRM1
4953,CSE2
4954,PRP2
4955,URK1
4956,PHO91
4957,YNR014W
4958,SMM1
4959,ACC1
4960,TIM23
4961,RCF2
4962,ARE2
4963,ATP23
4964,YNR021W
4965,MRPL50
4966,SNF12
4967,MPP6
4968,YNR025C
4969,SEC12
4970,BUD17
4971,CPR8
4972,YNR029C
4973,ALG12
4974,SSK2
4975,PPG1
4976,ABZ1
4977,SOL1
4978,ARC35
4979,MRPS12
4980,RSM19
4981,DBP6
4982,ZRG17
4983,MRX15
4984,COQ2
4985,YNR042W
4986,MVD1
4987,AGA1
4988,PET494
4989,TRM112
4990,FPK1
4991,YNR048W
4992,MSO1
4993,LYS9
4994,BRE5
4995,POP2
4996,NOG2
4997,ESF2
4998,HOL1
4999,BIO5
5000,BIO4
5001,BIO3
5002,MNT4
5003,FRE4
5004,YNR061C
5005,PUL3
5006,PUL4
5007,YNR064C
5008,YNR065C
5009,YNR066C
5010,DSE4
5011,YNR068C
5012,BSC5
5013,PDR18
5014,YNR071C
5015,HXT17
5016,MAN2
5017,AIF1
5018,COS10
5019,PAU6
5020,YNR077C
5021,PHO80
5022,IZH2
5023,PFA4
5024,SIN3
5025,RPB11
5026,TOP1
5027,CSI2
5028,COQ10
5029,MDM12
5030,RCL1
5031,PLB3
5032,HTZ1
5033,HRD1
5034,YOL014W
5035,IRC10
5036,CMK2
5037,ESC8
5038,TLG2
5039,YOL019W
5040,TAT2
5041,DIS3
5042,TSR4
5043,IFM1
5044,YOL024W
5045,LAG2
5046,MIM1
5047,MDM38
5048,YAP7
5049,YOL029C
5050,GAS5
5051,SIL1
5052,OPI10
5053,MSE1
5054,SMC5
5055,YOL035C
5056,YOL036W
5057,YOL037C
5058,PRE6
5059,RPP2A
5060,RPS15
5061,NOP12
5062,NGL1
5063,NTG2
5064,PEX15
5065,PSK2
5066,YOL046C
5067,LDS2
5068,RRT8
5069,GSH2
5070,YOL050C
5071,GAL11
5072,SPE2
5073,AIM39
5074,PSH1
5075,THI20
5076,GPM3
5077,YOL057W
5078,ARG1
5079,GPD2
5080,MAM3
5081,PRS5
5082,APM4
5083,CRT10
5084,MET22
5085,INP54
5086,RIB2
5087,RTG1
5088,HST1
5089,NUF2
5090,NBA1
5091,SDH5
5092,THP1
5093,DSC2
5094,YOL075C
5095,MDM20
5096,BRX1
5097,AVO1
5098,YOL079W
5099,REX4
5100,IRA2
5101,ATG19
5102,ATG34
5103,PHM7
5104,YOL085C
5105,ADH1
5106,DUF1
5107,MPD2
5108,HAL9
5109,MSH2
5110,SPO21
5111,YPQ1
5112,TRM10
5113,RFC4
5114,HMI1
5115,COQ3
5116,WRS1
5117,SDD3
5118,YOL099C
5119,PKH2
5120,IZH4
5121,TPT1
5122,ITR2
5123,NDJ1
5124,WSC3
5125,YOL106W
5126,YOL107W
5127,INO4
5128,ZEO1
5129,SHR5
5130,MDY2
5131,MSB4
5132,SKM1
5133,PTH4
5134,PAP2
5135,MSN1
5136,RRI2
5137,YOL118C
5138,MCH4
5139,RPL18A
5140,RPS19A
5141,SMF1
5142,HRP1
5143,TRM11
5144,TRM13
5145,MDH2
5146,RPL25
5147,YGK3
5148,VPS68
5149,ALR1
5150,YOL131W
5151,GAS4
5152,HRT1
5153,YOL134C
5154,MED7
5155,PFK27
5156,BSC6
5157,RTC1
5158,CDC33
5159,ARG8
5160,PPM2
5161,RRP40
5162,RIB4
5163,NOP8
5164,CTR9
5165,PSF3
5166,PEX11
5167,SPT20
5168,DCP1
5169,YOL150C
5170,GRE2
5171,FRE7
5172,YOL153C
5173,ZPS1
5174,HPF1
5175,HXT11
5176,IMA2
5177,ENB1
5178,CSS3
5179,YOL160W
5180,PAU20
5181,YOL162W
5182,YOL163W
5183,BDS1
5184,AAD15
5185,YOL166C
5186,RRP6
5187,ALG6
5188,YSP3
5189,UTP23
5190,DNL4
5191,TSR3
5192,SGT2
5193,SLG1
5194,YOR008C-A
5195,TIR4
5196,TIR2
5197,AUS1
5198,YOR012W
5199,IRC11
5200,RTS1
5201,YOR015W
5202,ERP4
5203,PET127
5204,ROD1
5205,YOR019W
5206,HSP10
5207,SFM1
5208,DDL1
5209,AHC1
5210,YOR024W
5211,HST3
5212,BUB3
5213,STI1
5214,CIN5
5215,YOR029W
5216,DFG16
5217,CRS5
5218,HMS1
5219,EXO1
5220,AKR2
5221,SHE4
5222,PEP12
5223,CYC2
5224,HIR2
5225,CKB2
5226,GLO4
5227,YOR041C
5228,CUE5
5229,WHI2
5230,IRC23
5231,TOM6
5232,DBP5
5233,STD1
5234,RAT1
5235,RSB1
5236,YOR050C
5237,ETT1
5238,TMC1
5239,YOR053W
5240,VHS3
5241,YOR055W
5242,NOB1
5243,SGT1
5244,ASE1
5245,LPL1
5246,SLD7
5247,CKA2
5248,YOR062C
5249,RPL3
5250,YNG1
5251,CYT1
5252,MSA1
5253,ALG8
5254,VAM10
5255,VPS5
5256,GYP1
5257,NRT1
5258,YOR072W
5259,SGO1
5260,CDC21
5261,UFE1
5262,SKI7
5263,RTS2
5264,BUD21
5265,ATX2
5266,DIA2
5267,TGL5
5268,YOR082C
5269,WHI5
5270,LPX1
5271,OST3
5272,TCB1
5273,YVC1
5274,[]
5275,VPS21
5276,PTC5
5277,TMA46
5278,ECM3
5279,CMR2
5280,ARF3
5281,RKI1
5282,RPS7A
5283,YOR097C
5284,NUP1
5285,KTR1
5286,CRC1
5287,RAS1
5288,YOR102W
5289,OST2
5290,PIN2
5291,YOR105W
5292,VAM3
5293,RGS2
5294,LEU9
5295,INP53
5296,TFC7
5297,YOR111W
5298,CEX1
5299,AZF1
5300,DPI34
5301,TRS33
5302,RPO31
5303,RPT5
5304,RTC5
5305,RIO1
5306,GCY1
5307,YOR121C
5308,PFY1
5309,LEO1
5310,UBP2
5311,CAT5
5312,IAH1
5313,RGA1
5314,ADE2
5315,AFI1
5316,ORT1
5317,YOR131C
5318,VPS17
5319,EFT1
5320,BAG7
5321,IRC14
5322,IDH2
5323,SIA1
5324,RUP1
5325,YOR139C
5326,SFL1
5327,ARP8
5328,LSC1
5329,THI80
5330,ELG1
5331,PNO1
5332,YOR146W
5333,MDM32
5334,SPP2
5335,SMP3
5336,MRPL23
5337,RPB2
5338,ATG40
5339,PDR5
5340,SLP1
5341,ISN1
5342,NFI1
5343,PUP1
5344,PET123
5345,SME1
5346,MTR10
5347,PNS1
5348,YRR1
5349,DDP1
5350,GET4
5351,SEY1
5352,SWT1
5353,RPS28A
5354,GLN4
5355,YOR169C
5356,YOR170W
5357,LCB4
5358,YRM1
5359,DCS2
5360,MED4
5361,ALE1
5362,HEM15
5363,MPC54
5364,GAC1
5365,SYC1
5366,DCI1
5367,LAS17
5368,RPS30B
5369,FYV12
5370,SER1
5371,GSP2
5372,YOR186W
5373,TUF1
5374,MSB1
5375,IES4
5376,SPR1
5377,ULS1
5378,THI72
5379,PEX27
5380,TOA1
5381,SLK19
5382,LIP5
5383,MCA1
5384,BFR1
5385,YOR199W
5386,YOR200W
5387,MRM1
5388,HIS3
5389,YOR203W
5390,DED1
5391,GEP3
5392,NOC2
5393,RET1
5394,PTP2
5395,NPT1
5396,RPB10
5397,MGM1
5398,STE4
5399,SAS5
5400,SPR2
5401,AIM41
5402,RUD3
5403,RFC1
5404,YOR218C
5405,STE13
5406,RCN2
5407,MCT1
5408,ODC2
5409,DSC3
5410,RPB8
5411,YOR225W
5412,ISU2
5413,HER1
5414,MCP1
5415,WTM2
5416,WTM1
5417,MKK1
5418,MGE1
5419,KIN4
5420,RPL33B
5421,IRC13
5422,DFR1
5423,HES1
5424,YOR238W
5425,ABP140
5426,MET7
5427,SSP2
5428,PUS7
5429,ESA1
5430,DGA1
5431,ENV9
5432,SRL1
5433,YOR248W
5434,APC5
5435,CLP1
5436,TUM1
5437,TMA16
5438,NAT5
5439,SEC63
5440,OSW1
5441,TRE2
5442,CDC31
5443,HNT3
5444,RPT4
5445,GCD1
5446,RPN8
5447,GPN2
5448,YOR263C
5449,DSE3
5450,RBL2
5451,PNT1
5452,HRK1
5453,YOR268C
5454,PAC1
5455,VPH1
5456,FSF1
5457,[]
5458,TPO4
5459,MOD5
5460,RIM20
5461,CAF20
5462,YOR277C
5463,HEM4
5464,RFM1
5465,FSH3
5466,PLP2
5467,YOR282W
5468,YOR283W
5469,HUA2
5470,RDL1
5471,RDL2
5472,RRP36
5473,MPD1
5474,YOR289W
5475,SNF2
5476,YPK9
5477,YOR292C
5478,RPS10A
5479,RRS1
5480,UAF30
5481,YOR296W
5482,TIM18
5483,MUM3
5484,BUD7
5485,YOR300W
5486,RAX1
5487,YOR302W
5488,CPA1
5489,ISW2
5490,RRG7
5491,MCH5
5492,SLY41
5493,SNU66
5494,YOR309C
5495,NOP58
5496,DGK1
5497,RPL20B
5498,SPS4
5499,YOR314W
5500,SFG1
5501,COT1
5502,FAA1
5503,YOR318C
5504,HSH49
5505,GNT1
5506,PMT3
5507,LDB19
5508,PRO2
5509,FRT1
5510,YOR325W
5511,MYO2
5512,SNC2
5513,PDR10
5514,SCD5
5515,MIP1
5516,YOR331C
5517,VMA4
5518,YOR333C
5519,MRS2
5520,ALA1
5521,KRE5
5522,TEA1
5523,YOR338W
5524,UBC11
5525,RPA43
5526,RPA190
5527,YOR342C
5528,YOR343C
5529,TYE7
5530,YOR345C
5531,REV1
5532,PYK2
5533,PUT4
5534,CIN1
5535,MNE1
5536,MEK1
5537,TFB6
5538,SOG2
5539,MSC6
5540,GDS1
5541,CIR2
5542,SNX3
5543,HAP5
5544,VTS1
5545,PDE2
5546,PRT1
5547,PRE10
5548,PIP2
5549,YOR364W
5550,YOR365C
5551,YOR366W
5552,SCP1
5553,RAD17
5554,RPS12
5555,MRS6
5556,GPB1
5557,NDD1
5558,NUD1
5559,ALD4
5560,GDH1
5561,YOR376W
5562,ATF1
5563,AMF1
5564,YOR379C
5565,RDR1
5566,FRE3
5567,FIT2
5568,FIT3
5569,FRE5
5570,YOR385W
5571,PHR1
5572,YOR387C
5573,FDH1
5574,YOR389W
5575,FEX1
5576,HSP33
5577,YOR392W
5578,ERR1
5579,PAU21
5580,HAT1
5581,SNF8
5582,ULA1
5583,LSP1
5584,AEP3
5585,NCR1
5586,TFC8
5587,CHL1
5588,RQC2
5589,RET3
5590,TAF3
5591,RRP12
5592,MRPS16
5593,CIP1
5594,HST2
5595,SWI1
5596,IRC15
5597,CTF19
5598,VTC3
5599,ULP1
5600,ECM23
5601,RAD1
5602,MET12
5603,RMI1
5604,YPL025C
5605,SKS1
5606,SMA1
5607,ERG10
5608,SUV3
5609,TRM44
5610,PHO85
5611,SVL3
5612,SRL4
5613,YPL034W
5614,YPL035C
5615,PMA2
5616,EGD1
5617,MET31
5618,YPL039W
5619,ISM1
5620,MRX11
5621,SSN3
5622,NOP4
5623,YPL044C
5624,VPS16
5625,ELC1
5626,SGF11
5627,CAM1
5628,DIG1
5629,MNN9
5630,ARL3
5631,OAZ1
5632,KTR6
5633,LEE1
5634,LGE1
5635,LCL1
5636,SUR1
5637,PDR12
5638,GRX5
5639,MFM1
5640,ALD6
5641,YPL062W
5642,TIM50
5643,CWC27
5644,VPS28
5645,RGL1
5646,HTC1
5647,YPL068C
5648,BTS1
5649,MUK1
5650,YPL071C
5651,UBP16
5652,YPL073C
5653,YTA6
5654,GCR1
5655,GPI2
5656,YPL077C
5657,ATP4
5658,RPL21B
5659,YPL080C
5660,RPS9A
5661,MOT1
5662,SEN54
5663,BRO1
5664,SEC16
5665,ELP3
5666,YDC1
5667,YPL088W
5668,RLM1
5669,RPS6A
5670,GLR1
5671,SSU1
5672,NOG1
5673,SEC62
5674,EEB1
5675,PNG1
5676,MSY1
5677,MGR2
5678,INA17
5679,ATG21
5680,ELP4
5681,YPL102C
5682,FMP30
5683,MSD1
5684,SYH1
5685,SSE1
5686,DPC25
5687,YPL108W
5688,MCO76
5689,GDE1
5690,CAR1
5691,PEX25
5692,YPL113C
5693,YPL114W
5694,BEM3
5695,HOS3
5696,IDI1
5697,MRP51
5698,DBP1
5699,VPS30
5700,MEI5
5701,TFB2
5702,RNY1
5703,SPC29
5704,KAP120
5705,NAN1
5706,HHO1
5707,TBF1
5708,TAF14
5709,SPO19
5710,RPL5
5711,COX11
5712,RDS2
5713,ODC1
5714,ISU1
5715,YPL136W
5716,GIP3
5717,SPP1
5718,UME1
5719,MKK2
5720,FRK1
5721,YPL142C
5722,RPL33A
5723,POC4
5724,KES1
5725,NOP53
5726,PXA1
5727,PPT2
5728,ATG5
5729,YPL150W
5730,PRP46
5731,RRD2
5732,RAD53
5733,PEP4
5734,KIP2
5735,PRM4
5736,TGS1
5737,AIM44
5738,PET20
5739,CDC60
5740,BEM4
5741,YPL162C
5742,SVS1
5743,MLH3
5744,SET6
5745,ATG29
5746,REV3
5747,MRX4
5748,MEX67
5749,DAP1
5750,OYE3
5751,COX10
5752,MRPL40
5753,NIP100
5754,SPT14
5755,TRE1
5756,CUP9
5757,CBC2
5758,PPQ1
5759,TCO89
5760,CTI6
5761,YPL182C
5762,RTT10
5763,MRN1
5764,YPL185W
5765,UIP4
5766,MF(ALPHA)1
5767,POS5
5768,GUP2
5769,NAB3
5770,YPL191C
5771,PRM3
5772,RSA1
5773,DDC1
5774,APL5
5775,OXR1
5776,YPL197C
5777,RPL7B
5778,YPL199C
5779,CSM4
5780,YIG1
5781,AFT2
5782,TPK2
5783,HRR25
5784,YPL205C
5785,PGC1
5786,TYW1
5787,RKM1
5788,IPL1
5789,SRP72
5790,NIP7
5791,PUS1
5792,LEA1
5793,THI6
5794,CBP3
5795,YPL216W
5796,BMS1
5797,SAR1
5798,PCL8
5799,RPL1A
5800,FLC1
5801,FMP40
5802,GRE1
5803,MMT2
5804,YPL225W
5805,NEW1
5806,ALG5
5807,CET1
5808,YPL229W
5809,USV1
5810,FAS2
5811,SSO1
5812,NSL1
5813,VMA11
5814,RVB2
5815,ENV7
5816,SUI3
5817,YPL238C
5818,YAR1
5819,HSP82
5820,CIN2
5821,IQG1
5822,SRP68
5823,HUT1
5824,YPL245W
5825,RBD2
5826,YPL247C
5827,GAL4
5828,GYP5
5829,ATG41
5830,YPL251W
5831,YAH1
5832,VIK1
5833,HFI1
5834,BBP1
5835,CLN2
5836,YPL257W
5837,THI21
5838,APM1
5839,CUB1
5840,YPL261C
5841,FUM1
5842,KEL3
5843,YPL264C
5844,DIP5
5845,DIM1
5846,ACM1
5847,PLC1
5848,KAR9
5849,MDL2
5850,ATP15
5851,PBI1
5852,SAM4
5853,SAM3
5854,FDH2
5855,YPL276W
5856,YPL277C
5857,YPL278C
5858,FEX2
5859,HSP32
5860,ERR2
5861,PAU22
5862,YRF1-7
5863,CIT3
5864,PDH1
5865,YPR003C
5866,AIM45
5867,HAL1
5868,ICL2
5869,REC8
5870,HAA1
5871,SUT2
5872,RPA135
5873,YPR011C
5874,YPR012W
5875,CMR3
5876,YPR014C
5877,YPR015C
5878,TIF6
5879,DSS4
5880,RLF2
5881,MCM4
5882,ATP20
5883,AGC1
5884,SDD4
5885,EAF3
5886,YME1
5887,CCL1
5888,ATH1
5889,YPR027C
5890,YOP1
5891,APL4
5892,CSR2
5893,NTO1
5894,SRO7
5895,HTS1
5896,ARP7
5897,GLN1
5898,VMA13
5899,ERV2
5900,IRC16
5901,YPR039W
5902,TIP41
5903,TIF5
5904,PUF2
5905,RPL43A
5906,OPI11
5907,THP3
5908,MCM16
5909,MSF1
5910,TAH18
5911,ATG11
5912,YPR050C
5913,MAK3
5914,NHP6A
5915,YPR053C
5916,SMK1
5917,SEC8
5918,TFB4
5919,BRR1
5920,YMC1
5921,YPR059C
5922,ARO7
5923,JID1
5924,FCY1
5925,YPR063C
5926,YPR064W
5927,ROX1
5928,UBA3
5929,ISA2
5930,HOS1
5931,SPE3
5932,MED1
5933,YPR071W
5934,NOT5
5935,LTP1
5936,TKL1
5937,OPY2
5938,YPR076W
5939,YPR077C
5940,YPR078C
5941,MRL1
5942,TEF1
5943,GRS2
5944,DIB1
5945,MDM36
5946,YPR084W
5947,ASA1
5948,SUA7
5949,VPS69
5950,SRP54
5951,YPR089W
5952,[]
5953,NVJ2
5954,YPR092W
5955,ASR1
5956,RDS3
5957,SYT1
5958,YPR096C
5959,YPR097W
5960,TMH18
5961,YPR099C
5962,MRPL51
5963,SNT309
5964,RPL11A
5965,PRE2
5966,FHL1
5967,COG4
5968,ISR1
5969,YTH1
5970,RPN7
5971,GLD1
5972,RPC40
5973,DBF20
5974,MRD1
5975,PIS1
5976,YPR114W
5977,RGC1
5978,RRG8
5979,YPR117W
5980,MRI1
5981,CLB2
5982,CLB5
5983,THI22
5984,AXL1
5985,YPR123C
5986,CTR1
5987,YLH47
5988,YPR126C
5989,YPR127W
5990,ANT1
5991,SCD6
5992,YPR130C
5993,NAT3
5994,RPS23B
5995,SPN1
5996,MSS18
5997,CTF4
5998,YPR136C
5999,RRP9
6000,MEP3
6001,LOA1
6002,TAZ1
6003,KAR3
6004,YPR142C
6005,RRP15
6006,NOC4
6007,ASN1
6008,YPR146C
6009,YPR147C
6010,YPR148C
6011,NCE102
6012,YPR150W
6013,SUE1
6014,URN1
6015,MAY24
6016,PIN3
6017,NCA2
6018,TPO3
6019,TDA6
6020,CUR1
6021,KRE6
6022,GPH1
6023,SGV1
6024,ORC4
6025,TIF3
6026,MMS1
6027,RHO1
6028,MRP2
6029,MET16
6030,NUT2
6031,JIP5
6032,YPR170C
6033,BSP1
6034,YPR172W
6035,VPS4
6036,YPR174C
6037,DPB2
6038,BET2
6039,YPR177C
6040,PRP4
6041,HDA3
6042,AOS1
6043,SEC23
6044,SMX3
6045,DPM1
6046,GDB1
6047,ATG13
6048,PZF1
6049,RPO26
6050,MLC2
6051,SKI3
6052,RPC82
6053,QCR2
6054,AQY1
6055,HPA2
6056,OPT2
6057,YPR195C
6058,YPR196W
6059,YPR197C
6060,SGE1
6061,ARR1
6062,ARR2
6063,ARR3
6064,YPR202W
6065,YPR203W
6066,YPR204W
6067,TIM10
6068,MOB2
6069,NHP6B
6070,TDA8
6071,MRP10
6072,ECM12
6073,CCW14
6074,[]
6075,YAL064W-B
6076,VMA10
6077,CWP2
6078,[]
6079,SAE3
6080,AUA1
6081,YHR049C-A
6082,AIM11
6083,[]
6084,[]
6085,[]
6086,BIL1
6087,YER119C-A
6088,YHR214W-A
6089,YHR214C-B
6090,HMRA1
6091,NVJ3
6092,[]
6093,TMA20
6094,[]
6095,YFL013W-A
6096,YER066C-A
6097,YEL076C-A
6098,YHR139C-A
6099,YMR135W-A
6100,DDR2
6101,[]
6102,COA6
6103,YBR012W-B
6104,YMR172C-A
6105,RPL43B
6106,[]
6107,YMR290W-A
6108,[]
6109,HOR7
6110,YMR052C-A
6111,[]
6112,MAK31
6113,PMP1
6114,MTW1
6115,YMR031W-A
6116,YBR012W-A
6117,YMR294W-A
6118,[]
6119,YMR316C-B
6120,YBL005W-B
6121,YBL005W-A
6122,[]
6123,YMR086C-A
6124,YCR087C-A
6125,YMR075C-A
6126,YSY6
6127,QCR10
6128,RPL19A
6129,YMR316C-A
6130,SOM1
6131,[]
6132,YIL082W-A
6133,LSB3
6134,MEI4
6135,RPL34A
6136,SPC1
6137,YMR153C-A
6138,[]
6139,SBH2
6140,PMP2
6141,RPL2A
6142,RPC10
6143,SOL2
6144,YER087C-A
6145,FCY22
6146,YMR306C-A
6147,YMR193C-A
6148,YMR119W-A
6149,SFT1
6150,YML100W-A
6151,FRM2
6152,ERP1
6153,[]
6154,[]
6155,YMR173W-A
6156,[]
6157,RPS30A
6158,YMR304C-A
6159,EST3
6160,SCS22
6161,RPL36B
6162,SMX2
6163,YBL107W-A
6164,ATP18
6165,ISD11
6166,YLR035C-A
6167,YGR122C-A
6168,YPR002C-A
6169,TIM11
6170,SEM1
6171,YOL013W-A
6172,TMA7
6173,[]
6174,YER091C-A
6175,YMR046W-A
6176,COX19
6177,YDR034W-B
6178,TIM9
6179,TOM5
6180,RTC6
6181,YDR170W-A
6182,YFL002W-A
6183,YKL162C-A
6184,YCL001W-A
6185,SNA2
6186,RPL41B
6187,LSM3
6188,RPL29
6189,RPL22B
6190,YCR018C-A
6191,YER039C-A
6192,HTL1
6193,YDR034C-A
6194,MBF1
6195,[]
6196,RIM1
6197,HUB1
6198,YER138W-A
6199,YMR194C-A
6200,DID2
6201,YKL033W-A
6202,VID28
6203,STF1
6204,YCR102W-A
6205,MDM35
6206,YAL068W-A
6207,YAL067W-A
6208,YAL063C-A
6209,YAL059C-A
6210,YAL056C-A
6211,YAL047W-A
6212,BOL1
6213,YAL042C-A
6214,YAL037C-B
6215,YAL037C-A
6216,YAL034C-B
6217,YAL031W-A
6218,YAL026C-A
6219,YAL019W-A
6220,YAL016C-B
6221,YAL016C-A
6222,YAR019W-A
6223,YAR035C-A
6224,YJL225W-A
6225,YJL222W-B
6226,YJL222W-A
6227,NCE101
6228,YJL197C-A
6229,YJL156W-A
6230,YJL136W-A
6231,DPI8
6232,YJL127W-A
6233,MCO6
6234,YJL077W-B
6235,YJL077W-A
6236,COA3
6237,YJL052C-A
6238,YJL047C-A
6239,YJL026C-A
6240,YJL020W-A
6241,LSO1
6242,YJR112W-A
6243,TIM8
6244,YJR140W-A
6245,YJR151W-A
6246,YKL183C-A
6247,YKL165C-A
6248,YKL156C-A
6249,YKL145W-A
6250,HSK3
6251,YKL106C-A
6252,YKL100W-A
6253,YKL096C-B
6254,YKL068W-A
6255,DPC7
6256,MIN9
6257,MCO12
6258,YKR075W-A
6259,PCC1
6260,YLL067W-A
6261,YLL066W-B
6262,YLL066W-A
6263,YLL019W-A
6264,YLL006W-A
6265,MIM2
6266,YLR120W-A
6267,YLR146W-A
6268,YLR149C-A
6269,YLR154W-A
6270,YLR154W-B
6271,TAR1
6272,YLR154W-E
6273,YLR154W-F
6274,YLR154C-G
6275,YLR154C-H
6276,YLR156C-A
6277,YLR157W-D
6278,YLR157W-E
6279,YLR157C-C
6280,YLR159C-A
6281,RRT15
6282,YLR163W-A
6283,YLR222C-A
6284,YLR264C-A
6285,YLR285C-A
6286,YLR286W-A
6287,YLR299C-A
6288,DPA10
6289,YLR342W-A
6290,YLR347W-A
6291,YLR361C-A
6292,YLR363W-A
6293,YLR364C-A
6294,YLR399W-A
6295,YLR406C-A
6296,YLR412C-A
6297,YLR437C-A
6298,YLR466C-A
6299,YLR466C-B
6300,YLR467C-A
6301,YML133W-B
6302,YML133W-A
6303,YML116W-A
6304,YML101C-A
6305,YML099W-A
6306,YML094C-A
6307,HUG1
6308,YML057C-A
6309,YML054C-A
6310,YML047W-A
6311,YML034C-A
6312,YML031C-A
6313,YML012C-A
6314,YML009W-B
6315,YML009C-A
6316,MRPL39
6317,MIN4
6318,YMR001C-A
6319,YMR013C-A
6320,YMR013W-A
6321,YMR030W-A
6322,SAM37
6323,YMR105W-A
6324,NCW1
6325,YMR141W-A
6326,YMR158C-A
6327,YMR158W-B
6328,ALD3
6329,PAI3
6330,SIP18
6331,YMR175W-A
6332,MIN3
6333,CMC4
6334,YMR230W-A
6335,YMR242W-A
6336,YMR247W-A
6337,COX7
6338,YMR272W-A
6339,YMR272W-B
6340,ZDS1
6341,MRPL33
6342,YMR307C-A
6343,YMR315W-A
6344,YNL339W-B
6345,YNL339W-A
6346,YNL277W-A
6347,YNL162W-A
6348,YNL146C-A
6349,YNL144W-A
6350,YSF3
6351,DGR1
6352,YNL103W-A
6353,YNL097C-B
6354,YNL097W-A
6355,YNL067W-A
6356,YNL067W-B
6357,YNL042W-B
6358,KSH1
6359,YNR001W-A
6360,YNR003W-A
6361,EGO4
6362,YNR075C-A
6363,YOL166W-A
6364,YOL164W-A
6365,YOL159C-A
6366,YOL155W-A
6367,YOL097W-A
6368,MHF1
6369,YOL085W-A
6370,YOL083C-A
6371,ATP19
6372,YOL038C-A
6373,YOL019W-A
6374,YOL013W-B
6375,YOR008W-B
6376,YOR011W-A
6377,MCO10
6378,YOR032W-A
6379,YOR034C-A
6380,YOR072W-A
6381,YOR072W-B
6382,YOR073W-A
6383,YOR108C-A
6384,YOR161W-A
6385,YOR161W-B
6386,YOR161C-C
6387,YOR186C-A
6388,YOR192C-C
6389,YOR231C-A
6390,YOR293C-A
6391,YOR314W-A
6392,YOR316C-A
6393,YOR329W-A
6394,YOR335W-A
6395,YOR376W-A
6396,YOR381W-A
6397,YOR394C-A
6398,YRF1-8
6399,YOR396C-A
6400,YPL283W-B
6401,YPL283W-A
6402,YPL250W-A
6403,YPL222C-A
6404,COA2
6405,YPL152W-A
6406,YPL135C-A
6407,YPL119C-A
6408,ERI1
6409,YPL038W-A
6410,MIN8
6411,YPR016W-A
6412,SPO24
6413,YPR074W-A
6414,YPR108W-A
6415,YPR145C-A
6416,YPR159C-A
6417,YPR160W-A
6418,YPR160C-A
6419,YPR169W-A
6420,YPR170W-B
6421,YPR170W-A
6422,YPR204C-A
6423,Q0010
6424,Q0017
6425,Q0032
6426,COX1
6427,AI1
6428,AI3
6429,AI5_ALPHA
6430,AI4
6431,AI2
6432,AI5_BETA
6433,ATP8
6434,ATP6
6435,Q0092
6436,COB
6437,BI4
6438,BI3
6439,BI2
6440,OLI1
6441,VAR1
6442,Q0142
6443,Q0143
6444,Q0144
6445,SCEI
6446,Q0182
6447,COX2
6448,Q0255
6449,COX3
6450,Q0297
6451,YBL113W-A
6452,PAU9
6453,YBL100W-C
6454,YBL071C-B
6455,KTI11
6456,YBL068W-A
6457,CMC2
6458,MIN6
6459,YBL039C-A
6460,YBL029C-A
6461,YBL008W-A
6462,YBL006W-A
6463,MNC1
6464,YBR056C-B
6465,TSC3
6466,YBR072C-A
6467,YBR076C-A
6468,YBR085C-A
6469,YBR103C-A
6470,YBR109W-A
6471,SUS1
6472,YBR121C-A
6473,MEO1
6474,YBR126W-B
6475,YBR131C-A
6476,YBR141W-A
6477,YBR182C-A
6478,YBR191W-A
6479,YBR196C-A
6480,YBR196C-B
6481,YBR200W-A
6482,MIN7
6483,YBR221W-A
6484,YBR223W-A
6485,COQ21
6486,DAD3
6487,RCF3
6488,TYC1
6489,YBR298C-A
6490,GEX1
6491,ADF1
6492,MIC10
6493,YCL048W-A
6494,HBN1
6495,YCL021W-A
6496,YCL012C
6497,VMA9
6498,YCL001W-B
6499,YCR024C-B
6500,YCR038W-A
6501,YCR045W-A
6502,YCR047W-A
6503,EGO2
6504,YCR081C-A
6505,YCR095W-A
6506,YCR097W-A
6507,YCR108C
6508,YDL247W-A
6509,YDL240C-A
6510,YDL185C-A
6511,MHF2
6512,YDL159W-A
6513,YDL159C-B
6514,YDL114W-A
6515,YDL086C-A
6516,YDL085C-A
6517,YDL025W-A
6518,YDL022C-A
6519,YDL007C-A
6520,YDR003W-A
6521,HED1
6522,TFB5
6523,YDR118W-A
6524,COX26
6525,YDR169C-A
6526,YDR182W-A
6527,YDR183C-A
6528,YDR194W-A
6529,SEC26
6530,AMD2
6531,PRP28
6532,PEX5
6533,MNN10
6534,YDR246W-A
6535,YDR320W-B
6536,DAD4
6537,YDR354C-A
6538,YDR371C-A
6539,WIP1
6540,SDH6
6541,COI1
6542,YDR406W-A
6543,CMI8
6544,YDR464C-A
6545,YDR510C-A
6546,YDR524W-C
6547,YDR524C-B
6548,YDR524C-A
6549,YDR545C-A
6550,YEL077W-A
6551,YEL075W-A
6552,YEL053W-A
6553,YEL050W-A
6554,YEL034C-A
6555,YEL032C-A
6556,YEL030C-A
6557,YEL020C-B
6558,YEL018C-A
6559,YEL009C-A
6560,YEL008C-A
6561,YER006C-A
6562,BUD25
6563,YER023C-A
6564,FMP49
6565,YER046W-A
6566,YER053C-A
6567,YER067C-A
6568,YER068C-A
6569,YOS1
6570,YER076W-A
6571,YER078W-A
6572,YER079C-A
6573,YER084W-A
6574,SBH1
6575,YER088W-B
6576,YER088C-A
6577,YER090C-A
6578,YER107W-A
6579,YER133W-A
6580,YER137W-A
6581,YER145C-A
6582,YER147C-A
6583,YER148W-A
6584,YER152W-A
6585,YER158W-A
6586,YER165C-A
6587,YER172C-A
6588,YER175W-A
6589,SLO1
6590,YER188C-A
6591,YER190C-A
6592,YER190C-B
6593,YFL041W-A
6594,YFL031C-A
6595,YFL021C-A
6596,YFL015W-A
6597,YFL012W-A
6598,YFR009W-A
6599,YFR010W-A
6600,YFR012W-A
6601,MIN10
6602,YFR034W-A
6603,YFR036W-A
6604,YFR052C-A
6605,YGL258W-A
6606,YGL194C-A
6607,YGL188C-A
6608,YGL123C-A
6609,YGL063C-A
6610,YGL041C-B
6611,DPC13
6612,YGL014C-A
6613,YGL007C-A
6614,YGL006W-A
6615,NAG1
6616,YGR035W-A
6617,YGR068W-A
6618,YGR121W-A
6619,YGR146C-A
6620,YGR161W-C
6621,LSO2
6622,YGR174W-A
6623,YGR204C-A
6624,YGR240C-A
6625,YGR270C-A
6626,EFG1
6627,YGR296C-A
6628,YGR296C-B
6629,YHL050W-A
6630,YHL048C-A
6631,YHL046W-A
6632,YHL034W-A
6633,YHL030W-A
6634,YHL019W-A
6635,YHL015W-A
6636,YHL006W-A
6637,YHL002C-A
6638,YHR007C-A
6639,YHR022C-A
6640,YHR028W-A
6641,YHR032W-A
6642,YHR032C-A
6643,YHR050W-A
6644,YHR052W-A
6645,YHR054W-A
6646,YHR056W-A
6647,YHR063W-A
6648,YHR069C-A
6649,YHR070C-A
6650,YHR071C-A
6651,NOP10
6652,YHR073W-A
6653,YHR073C-B
6654,YHR086W-A
6655,YHR131W-A
6656,IGO2
6657,YHR137C-A
6658,YHR165W-A
6659,YHR175W-A
6660,YHR180W-A
6661,YHR180C-B
6662,YHR182C-A
6663,YHR193C-A
6664,NBL1
6665,YHR212W-A
6666,YHR213W-A
6667,YHR213W-B
6668,YHR214C-D
6669,YHR214C-E
6670,YHR218W-A
6671,YHR219C-A
6672,YIL177W-A
6673,YIL171W-A
6674,YIL156W-A
6675,MCO8
6676,YIL142C-A
6677,YIL134C-A
6678,YIL115W-A
6679,YIL105W-A
6680,YIL102C-A
6681,YIL100C-A
6682,YIL071W-A
6683,YIL068W-A
6684,YIL066W-A
6685,YIL047C-A
6686,YIL046W-A
6687,YIL030W-A
6688,YIL029W-A
6689,YIL021C-A
6690,YIL020C-A
6691,YIL014C-A
6692,CMI7
6693,YIR017W-A
6694,YIR018C-A
6695,YIR020W-A
6696,YIR020C-B
6697,YIR021W-A
6698,YIR023C-A
6699,YIR030W-A
6700,YIR036W-A
6701,MNASE
